startup_name,industry,sub_industry,city,state,year_founded,company_age,total_funding_usd_mn,valuation_usd_mn,revenue_usd_mn,employees,funding_rounds,seed_usd_mn,series_a_usd_mn,series_b_usd_mn,time_between_rounds_months,last_funding_year,founder_names,num_founders,founder_exp_yrs,prev_startups,tech_founder,education_level,website_traffic_mn_monthly,app_downloads_mn,social_media_followers_mn,market_size_usd_bn,competitor_count,market_growth_rate_pct,profit_loss_usd_mn,burn_rate_usd_mn_monthly,growth_rate_pct,is_unicorn,ipo_status,investment_score_0_100,investment_recommendation,data_verified
Paytm,Fintech,Payments,Noida,UP,2010,15,3820.0,6000.0,410.0,12000,9,10.0,500.0,750.0,20.0,2023.0,Vijay Shekhar Sharma,1,18,1,1,Graduate,95.0,250.0,45.0,120.0,18,32.0,-180.0,42.0,14.0,1,Listed,48.0,Invest,Verified
PhonePe,Fintech,UPI Payments,Bengaluru,KA,2015,10,850.0,12000.0,44.6,5000,5,1.8,23.9,59.9,24.0,2023.0,Sameer Nigam,3,10,0,1,IIT,600.0,550.0,38.0,120.0,15,35.0,-90.0,30.0,40.0,1,Private,30.8,Hold,Verified
Razorpay,Fintech,Payment Gateway,Bengaluru,KA,2014,11,741.0,7500.0,44.6,3200,7,1.0,120.0,300.0,18.9,2021.0,Harshil Mathur,2,8,0,1,IIT,18.0,1.73,12.0,80.0,14,28.0,-45.0,18.0,55.0,1,Private,30.1,Hold,Verified
CRED,Fintech,Credit Rewards,Bengaluru,KA,2018,7,869.0,6400.0,44.6,1500,6,25.0,81.0,250.0,14.0,2022.0,Kunal Shah,1,15,1,1,Graduate,22.0,12.0,9.5,50.0,20,45.0,-110.0,25.0,30.0,1,Private,27.2,Avoid,Verified
BharatPe,Fintech,Merchant Payments,New Delhi,DL,2018,7,624.0,2850.0,44.6,1800,6,1.8,75.0,200.0,14.0,2021.0,Ashneer Grover,2,12,1,1,IIT,8.0,1.73,7.0,120.0,22,38.0,-60.0,15.0,25.0,1,Private,26.2,Avoid,Verified
Slice,Fintech,Credit Cards,Bengaluru,KA,2016,9,220.0,1500.0,44.6,600,5,1.0,30.0,80.0,21.6,2021.0,Rajan Bajaj,1,6,0,1,IIT,4.0,3.0,2.5,45.0,25,40.0,-30.0,8.0,35.0,0,Private,20.4,Avoid,Verified
Jupiter,Fintech,Neobanking,Mumbai,MH,2019,6,170.0,900.0,44.6,400,4,2.0,25.0,60.0,18.0,2022.0,Jitendra Gupta,1,12,1,1,IIT,1.5,2.0,1.2,30.0,18,42.0,-18.0,5.0,28.0,0,Private,22.8,Avoid,Verified
Groww,Fintech,Investing App,Bengaluru,KA,2016,9,393.0,3000.0,44.6,2000,6,6.2,30.0,200.0,18.0,2021.0,Lalit Keshre,4,8,0,1,IIT,18.0,30.0,8.5,40.0,20,38.0,-25.0,8.0,65.0,1,Private,28.6,Avoid,Verified
PolicyBazaar,Fintech,Insurance Tech,Gurugram,HR,2008,17,769.0,7000.0,180.0,5000,8,5.0,50.0,200.0,25.5,2023.0,Yashish Dahiya,3,20,1,1,IIT/IIM,40.0,8.0,4.0,60.0,22,25.0,-50.0,12.0,22.0,1,Listed,30.4,Hold,Verified
KreditBee,Fintech,Consumer Lending,Bengaluru,KA,2018,7,200.0,700.0,44.6,600,5,2.0,18.0,40.0,16.8,2022.0,Madhusudan E,2,12,1,1,IIT,3.0,5.0,3.0,35.0,22,40.0,-15.0,5.0,32.0,0,Private,24.1,Avoid,Verified
Freo,Fintech,Credit Line,Bengaluru,KA,2016,9,85.0,400.0,44.6,200,4,1.0,10.0,20.0,27.0,2021.0,Ankit Mehra,2,10,1,1,IIM,0.8,2.0,1.0,30.0,24,38.0,-8.0,3.0,20.0,0,Private,21.7,Avoid,Verified
NiYO,Fintech,Neobanking,Bengaluru,KA,2015,10,220.0,800.0,44.6,500,5,1.0,20.0,50.0,24.0,2022.0,Vinay Bagri,2,14,1,1,IIM,1.2,3.0,2.0,30.0,20,40.0,-20.0,6.0,25.0,0,Private,22.4,Avoid,Verified
Open Financial,Fintech,Business Banking,Bengaluru,KA,2017,8,187.0,1000.0,44.6,400,6,2.0,15.0,40.0,16.0,2022.0,Anish Achuthan,3,10,1,1,Graduate,1.0,1.73,1.5,30.0,18,42.0,-18.0,5.0,22.0,1,Private,21.1,Avoid,Verified
BYJU'S,EdTech,K12 Learning,Bengaluru,KA,2011,14,5800.0,1000.0,44.6,50000,9,1.8,50.0,500.0,18.7,2022.0,Byju Raveendran,1,15,0,0,Graduate,80.0,160.0,22.0,90.0,18,20.0,-800.0,60.0,15.0,1,Private,37.5,Hold,Verified
Unacademy,EdTech,Test Prep,Bengaluru,KA,2015,10,874.0,3440.0,44.6,8000,8,1.8,110.0,300.0,15.0,2021.0,Gaurav Munjal,3,10,1,1,Graduate,25.0,15.0,8.0,90.0,20,22.0,-120.0,22.0,18.0,1,Private,25.2,Avoid,Verified
upGrad,EdTech,Higher Ed,Mumbai,MH,2015,10,910.0,2250.0,44.6,6000,7,1.8,23.9,200.0,17.1,2022.0,Ronnie Screwvala,2,25,1,0,Graduate,12.0,5.0,4.0,80.0,16,25.0,-80.0,18.0,20.0,1,Private,30.4,Hold,Verified
Vedantu,EdTech,Live Tutoring,Bengaluru,KA,2014,11,200.0,1000.0,44.6,3000,7,1.8,24.0,100.0,18.9,2021.0,Vamsi Krishna,4,12,0,1,IIT,8.0,6.0,3.0,90.0,18,22.0,-40.0,10.0,15.0,0,Private,18.5,Avoid,Verified
Testbook,EdTech,Govt Exam Prep,Mumbai,MH,2014,11,100.0,500.0,44.6,1200,6,0.5,10.0,40.0,22.0,2022.0,Ashutosh Kumar,3,10,1,1,IIT,5.0,8.0,2.0,90.0,15,28.0,-18.0,5.0,30.0,0,Private,24.8,Avoid,Verified
Physics Wallah,EdTech,Exam Prep,Prayagraj,UP,2014,11,210.0,2500.0,44.6,3000,3,1.8,100.0,59.9,44.0,2022.0,Alakh Pandey,1,8,0,0,Graduate,45.0,30.0,9.5,90.0,16,25.0,-20.0,8.0,40.0,1,Private,24.3,Avoid,Verified
Classplus,EdTech,Tutor Platform,Noida,UP,2018,7,175.0,600.0,44.6,1000,5,2.0,18.0,50.0,16.8,2022.0,Mukul Rustagi,4,8,1,1,IIT,2.0,3.0,1.5,70.0,22,30.0,-15.0,4.0,28.0,0,Private,24.5,Avoid,Verified
Eruditus,EdTech,Executive Ed,Mumbai,MH,2010,15,900.0,3200.0,44.6,2000,6,1.8,23.9,200.0,30.0,2021.0,Ashwin Damera,2,20,1,0,IIT/Harvard,3.0,1.73,1.0,60.0,14,22.0,-30.0,8.0,20.0,1,Private,29.7,Avoid,Verified
Practo,Healthtech,Doctor Discovery,Bengaluru,KA,2008,17,185.0,700.0,44.6,2000,7,1.8,30.0,55.0,29.1,2020.0,Shashank ND,2,12,0,1,IIT,15.0,8.0,5.0,65.0,20,28.0,-25.0,6.0,15.0,0,Private,21.1,Avoid,Verified
PharmEasy,Healthtech,Online Pharmacy,Mumbai,MH,2014,11,1500.0,5600.0,44.6,4000,8,1.8,50.0,200.0,16.5,2021.0,Dharmil Sheth,4,8,0,0,Graduate,22.0,15.0,7.0,65.0,18,30.0,-120.0,20.0,25.0,1,Private,30.9,Hold,Verified
Mfine,Healthtech,Teleconsultation,Bengaluru,KA,2017,8,49.0,200.0,44.6,300,4,0.5,10.0,25.0,24.0,2021.0,Ashutosh Lawania,3,12,1,1,IIT/IIM,1.5,2.0,1.0,50.0,22,32.0,-12.0,3.0,18.0,0,Private,22.6,Avoid,Verified
Healthifyme,Healthtech,Fitness & Diet,Bengaluru,KA,2012,13,75.0,250.0,44.6,500,6,0.5,8.0,20.0,26.0,2021.0,Tushar Vashisht,3,10,1,1,IIT,5.0,8.0,3.0,40.0,18,28.0,-10.0,3.0,22.0,0,Private,22.5,Avoid,Verified
Pristyn Care,Healthtech,Surgical Care,Gurugram,HR,2018,7,198.0,1400.0,44.6,1200,6,1.8,30.0,80.0,14.0,2022.0,Harsimarbir Singh,2,12,0,0,AIIMS,3.0,1.73,2.5,35.0,14,30.0,-20.0,5.0,35.0,1,Private,24.7,Avoid,Verified
Portea Medical,Healthtech,Home Healthcare,Bengaluru,KA,2012,13,62.0,200.0,44.6,1500,6,1.8,15.0,30.0,26.0,2018.0,Meena Ganesh,2,20,1,0,IIM,1.0,1.73,0.8,35.0,12,25.0,-8.0,2.0,10.0,0,Private,24.0,Avoid,Verified
Lybrate,Healthtech,Doctor Platform,Gurugram,HR,2013,12,25.0,100.0,44.6,300,5,1.8,8.0,15.0,28.8,2016.0,Saurabh Arora,2,12,0,1,IIT,3.0,2.0,1.0,50.0,20,25.0,-5.0,2.0,12.0,0,Private,22.1,Avoid,Verified
MediBuddy,Healthtech,Corporate Health,Bengaluru,KA,2015,10,125.0,500.0,44.6,800,5,1.8,12.0,40.0,24.0,2022.0,Satish Kannan,2,12,0,1,IIT,4.0,3.0,2.0,50.0,18,28.0,-10.0,3.0,22.0,0,Private,24.1,Avoid,Verified
Nykaa,Ecommerce,Beauty & Fashion,Mumbai,MH,2012,13,80.0,7500.0,780.0,15000,7,1.8,23.9,59.9,22.3,2021.0,Falguni Nayar,1,25,0,0,IIM,55.0,15.0,18.0,80.0,22,22.0,25.0,0.0,28.0,1,Listed,49.3,Invest,Verified
Meesho,Ecommerce,Social Commerce,Bengaluru,KA,2015,10,1100.0,3900.0,44.6,15000,7,1.8,125.0,300.0,17.1,2021.0,Vidit Aatrey,2,8,0,1,IIT,80.0,180.0,35.0,200.0,25,40.0,-120.0,30.0,45.0,1,Private,37.7,Hold,Verified
Limeroad,Ecommerce,Fashion,Gurugram,HR,2012,13,55.0,150.0,44.6,500,5,1.8,15.0,30.0,31.2,2015.0,Suchi Mukherjee,1,15,1,0,Cambridge,4.0,2.0,1.0,80.0,20,22.0,-8.0,3.0,10.0,0,Private,23.6,Avoid,Verified
Mamaearth,Ecommerce,D2C Personal Care,Gurugram,HR,2016,9,100.0,1680.0,220.0,3000,6,1.8,23.9,45.0,18.0,2021.0,Varun Alagh,2,12,1,0,IIM,18.0,8.0,9.5,50.0,20,28.0,30.0,0.0,45.0,1,Listed,35.9,Hold,Verified
boAt Lifestyle,Ecommerce,Consumer Electronics,New Delhi,DL,2016,9,60.0,1500.0,300.0,5000,3,1.8,23.9,60.0,36.0,2021.0,Aman Gupta,2,15,1,0,IIM,15.0,1.73,8.5,60.0,18,25.0,40.0,0.0,50.0,1,Private,39.6,Hold,Verified
Sugar Cosmetics,Ecommerce,D2C Beauty,Mumbai,MH,2012,13,55.0,500.0,70.0,1500,6,1.8,23.9,21.0,26.0,2022.0,Vineeta Singh,2,12,0,0,IIT/IIM,6.0,2.0,4.0,45.0,20,28.0,5.0,2.0,35.0,0,Private,38.2,Hold,Verified
Wow Skin Science,Ecommerce,D2C Wellness,Bengaluru,KA,2014,11,48.0,600.0,80.0,2000,4,1.8,23.9,30.0,33.0,2021.0,Arvind Sokke,3,10,0,0,Graduate,8.0,3.0,4.5,45.0,18,28.0,10.0,1.0,30.0,0,Private,37.7,Hold,Verified
Lenskart,Ecommerce,Eyewear,Gurugram,HR,2010,15,554.0,4500.0,220.0,5000,8,1.8,30.0,200.0,22.5,2022.0,Peyush Bansal,3,12,1,0,IIT,30.0,10.0,10.0,35.0,12,22.0,15.0,5.0,28.0,1,Private,41.3,Hold,Verified
FirstCry,Ecommerce,Baby Products,Pune,MH,2010,15,680.0,3000.0,410.0,8000,8,1.8,40.0,150.0,22.5,2021.0,Supam Maheshwari,2,18,1,0,IIM,22.0,10.0,8.0,50.0,18,22.0,20.0,0.0,20.0,1,Listed,42.5,Hold,Verified
Purplle,Ecommerce,Beauty,Mumbai,MH,2011,14,100.0,1100.0,80.0,2500,8,1.8,10.0,30.0,21.0,2022.0,Manish Taneja,2,12,0,0,IIM,15.0,5.0,5.0,60.0,22,25.0,5.0,3.0,25.0,1,Private,36.6,Hold,Verified
Zomato,Foodtech,Food Delivery,Gurugram,HR,2008,17,3375.0,9500.0,1400.0,12000,9,1.8,23.9,59.9,22.7,2021.0,Deepinder Goyal,2,18,0,0,IIT,300.0,200.0,38.0,80.0,15,22.0,20.0,0.0,15.0,1,Listed,68.0,Invest,Verified
Swiggy,Foodtech,Food Delivery,Bengaluru,KA,2014,11,3670.0,15000.0,44.6,6000,8,1.8,23.9,59.9,16.5,2024.0,Sriharsha Majety,3,10,0,1,IIT,250.0,180.0,35.0,80.0,15,22.0,-200.0,35.0,18.0,1,Listed,35.9,Hold,Verified
Rebel Foods,Foodtech,Cloud Kitchen,Mumbai,MH,2011,14,500.0,1400.0,140.0,3500,7,1.8,23.9,150.0,24.0,2021.0,Jaydeep Barman,2,20,1,0,IIM,8.0,5.0,3.0,60.0,20,28.0,-30.0,8.0,20.0,1,Private,28.5,Avoid,Verified
AgroStar,Agritech,Farmer Platform,Ahmedabad,GJ,2013,12,90.0,500.0,44.6,500,6,1.8,23.9,25.0,24.0,2021.0,Sitanshu Sheth,2,12,0,0,IIM,2.0,3.0,2.0,180.0,20,30.0,-8.0,3.0,20.0,0,Private,29.9,Avoid,Verified
Country Delight,Agritech,Fresh Produce,Gurugram,HR,2013,12,95.0,680.0,44.6,1200,6,1.8,23.9,30.0,24.0,2022.0,Nitin Kaushal,2,12,0,0,IIM,2.0,3.0,2.0,150.0,18,30.0,-10.0,3.0,25.0,0,Private,29.4,Avoid,Verified
Ola,Mobility,Ride Hailing,Bengaluru,KA,2010,15,4770.0,6000.0,44.6,10000,11,1.8,23.9,59.9,16.4,2023.0,Bhavish Aggarwal,2,15,0,1,IIT,120.0,85.0,18.0,100.0,8,15.0,-200.0,35.0,8.0,1,Listed,36.6,Hold,Verified
Rapido,Mobility,Bike Taxi,Bengaluru,KA,2015,10,200.0,830.0,44.6,2000,6,1.8,23.9,80.0,20.0,2022.0,Aravind Sanka,3,8,0,1,IIT,25.0,15.0,8.0,100.0,12,28.0,-25.0,6.0,35.0,0,Private,25.7,Avoid,Verified
Delhivery,Logistics,Express Logistics,Gurugram,HR,2011,14,940.0,3750.0,290.0,10000,8,1.8,23.9,59.9,21.0,2021.0,Sahil Barua,5,10,0,1,IIT/IIM,8.0,1.73,2.0,80.0,15,22.0,10.0,0.0,20.0,1,Listed,41.5,Hold,Verified
Porter,Logistics,Intra-City Logistics,Mumbai,MH,2014,11,60.0,400.0,44.6,1500,5,1.8,23.9,25.0,26.4,2021.0,Pranav Goel,3,8,0,1,IIT,10.0,8.0,4.0,60.0,15,25.0,-8.0,3.0,30.0,0,Private,24.3,Avoid,Verified
BlackBuck,Logistics,Trucking Platform,Bengaluru,KA,2015,10,335.0,1100.0,44.6,1000,7,1.8,23.9,100.0,17.1,2021.0,Rajesh Yabaji,3,10,0,1,IIT,3.0,8.0,3.0,60.0,15,22.0,-20.0,4.0,20.0,1,Private,24.7,Avoid,Verified
Dunzo,Logistics,Quick Commerce,Bengaluru,KA,2015,10,240.0,760.0,44.6,1200,6,1.8,23.9,40.0,20.0,2022.0,Kabeer Biswas,4,8,0,1,Graduate,10.0,5.0,3.0,60.0,20,30.0,-50.0,10.0,15.0,0,Private,16.1,Avoid,Verified
Shiprocket,Logistics,E-comm Shipping,New Delhi,DL,2012,13,120.0,1100.0,44.6,2000,6,1.8,23.9,35.0,26.0,2021.0,Saahil Goel,3,10,0,1,Graduate,5.0,1.73,2.0,80.0,15,25.0,-8.0,3.0,25.0,1,Private,25.5,Avoid,Verified
Freshworks,SaaS,CRM & Helpdesk,Chennai,TN,2010,15,488.0,3400.0,598.0,5000,8,1.8,23.9,59.9,22.5,2021.0,Girish Mathrubootham,2,20,0,1,Graduate,28.0,1.73,8.0,120.0,20,22.0,30.0,0.0,20.0,1,Listed,48.5,Invest,Verified
Chargebee,SaaS,Subscription Billing,Chennai,TN,2011,14,480.0,3500.0,44.6,1200,7,1.8,23.9,250.0,24.0,2022.0,Krish Subramanian,4,12,0,1,NIT,5.0,1.73,2.0,80.0,12,22.0,30.0,5.0,25.0,1,Private,37.8,Hold,Verified
Postman,SaaS,API Platform,San Francisco,CA,2014,11,433.0,5600.0,44.6,1000,5,1.8,23.9,225.0,26.4,2021.0,Abhinav Asthana,3,10,0,1,IIT,25.0,1.73,8.0,100.0,15,28.0,40.0,10.0,30.0,1,Private,33.7,Hold,Verified
Icertis,SaaS,Contract Mgmt,Pune,MH,2009,16,385.0,5000.0,44.6,2000,5,1.8,23.9,59.9,38.4,2022.0,Samir Bodas,2,25,1,1,IIT,10.0,1.73,4.0,80.0,10,20.0,40.0,5.0,22.0,1,Private,40.6,Hold,Verified
Darwinbox,SaaS,HR Tech,Hyderabad,TG,2015,10,140.0,1000.0,44.6,800,6,1.8,23.9,60.0,20.0,2022.0,Rohit Chennamaneni,3,12,0,1,IIM,3.0,1.73,2.0,80.0,18,28.0,10.0,3.0,35.0,0,Private,38.4,Hold,Verified
Clevertap,SaaS,Marketing Analytics,Mumbai,MH,2013,12,109.0,600.0,44.6,800,6,1.8,23.9,30.0,24.0,2021.0,Sunil Thomas,3,15,0,1,ISB,5.0,1.73,2.0,80.0,15,25.0,8.0,2.0,22.0,0,Private,37.5,Hold,Verified
WebEngage,SaaS,Marketing Automation,Mumbai,MH,2011,14,25.0,200.0,44.6,200,3,1.8,23.9,10.0,56.0,2022.0,Avlesh Singh,2,12,0,1,Graduate,4.0,1.73,1.5,80.0,18,25.0,5.0,1.0,15.0,0,Private,35.2,Hold,Verified
Druva,SaaS,Data Protection,Pune,MH,2008,17,396.0,2000.0,44.6,1500,7,1.8,23.9,59.9,29.1,2019.0,Jaspreet Singh,3,18,0,1,MIT,8.0,1.73,3.0,60.0,10,20.0,20.0,4.0,18.0,1,Private,37.6,Hold,Verified
Uniphore,SaaS,Conversational AI,Chennai,TN,2008,17,610.0,2500.0,44.6,1500,7,1.8,23.9,59.9,29.1,2022.0,Umesh Sachdev,2,18,0,1,IIT,5.0,1.73,2.0,60.0,12,28.0,10.0,5.0,22.0,1,Private,39.5,Hold,Verified
Sprinklr,SaaS,Customer Experience,New York,NY,2009,16,840.0,3750.0,44.6,4000,6,1.8,23.9,59.9,32.0,2021.0,Ragy Thomas,1,18,0,1,IIT,15.0,1.73,6.0,80.0,12,20.0,30.0,8.0,18.0,1,Listed,39.0,Hold,Verified
BrowserStack,SaaS,Dev Testing,Mumbai,MH,2011,14,200.0,4000.0,44.6,2000,3,1.8,23.9,200.0,56.0,2021.0,Ritesh Arora,2,15,0,1,IIT,10.0,1.73,4.0,80.0,10,20.0,80.0,10.0,25.0,1,Private,31.0,Hold,Verified
Whatfix,SaaS,Digital Adoption,Bengaluru,KA,2013,12,140.0,600.0,44.6,600,6,1.8,23.9,40.0,24.0,2021.0,Khadim Batti,2,12,0,1,IIT,4.0,1.73,2.0,80.0,15,25.0,10.0,3.0,28.0,0,Private,37.0,Hold,Verified
ShareChat,Social Media,Short Video,Bengaluru,KA,2015,10,839.0,5000.0,44.6,3000,8,1.8,100.0,300.0,15.0,2022.0,Ankush Sachdeva,3,8,0,1,IIT,180.0,250.0,28.0,150.0,12,25.0,-80.0,15.0,30.0,1,Private,29.6,Avoid,Verified
Dailyhunt,Media,News Aggregator,Bengaluru,KA,2009,16,450.0,5000.0,44.6,3000,8,1.8,23.9,100.0,24.0,2021.0,Virendra Gupta,2,18,0,0,Graduate,250.0,200.0,25.0,150.0,15,22.0,-40.0,12.0,18.0,1,Private,26.6,Avoid,Verified
Koo,Social Media,Microblogging,Bengaluru,KA,2020,5,62.0,300.0,44.6,400,4,2.0,20.0,59.9,15.0,2021.0,Aprameya Radhakrishna,2,12,1,1,IIM,15.0,12.0,4.0,150.0,10,20.0,-15.0,4.0,35.0,0,Private,30.1,Hold,Verified
Glance,Media,Lock Screen,Bengaluru,KA,2019,6,450.0,1800.0,44.6,2000,4,1.8,100.0,59.9,18.0,2020.0,Naveen Tewari,1,18,1,1,IIT,200.0,180.0,15.0,150.0,8,20.0,-20.0,8.0,40.0,1,Private,33.0,Hold,Verified
Ola Electric,EV,Electric Scooters,Bengaluru,KA,2017,8,907.0,4600.0,400.0,10000,5,1.8,23.9,200.0,19.2,2023.0,Bhavish Aggarwal,2,15,1,1,IIT,12.0,1.73,5.0,80.0,10,35.0,-150.0,20.0,60.0,1,Listed,43.1,Hold,Verified
Ather Energy,EV,Electric Scooters,Bengaluru,KA,2013,12,366.0,1500.0,44.6,3000,7,1.8,23.9,100.0,20.6,2023.0,Tarun Mehta,2,12,0,1,IIT,5.0,1.73,3.0,80.0,12,35.0,-40.0,10.0,45.0,0,Private,25.7,Avoid,Verified
Euler Motors,EV,Electric 3-Wheelers,New Delhi,DL,2018,7,54.0,300.0,44.6,400,5,1.8,23.9,20.0,16.8,2022.0,Saurav Kumar,2,8,0,1,IIT,0.5,1.73,1.0,50.0,10,40.0,-8.0,2.0,35.0,0,Private,25.7,Avoid,Verified
NoBroker,Proptech,Real Estate,Bengaluru,KA,2014,11,361.0,1000.0,44.6,1800,7,1.8,23.9,100.0,18.9,2021.0,Akhil Gupta,3,10,0,1,IIT,22.0,8.0,8.0,120.0,18,20.0,-20.0,5.0,25.0,1,Private,27.9,Avoid,Verified
Housing.com,Proptech,Real Estate Portal,Mumbai,MH,2012,13,130.0,500.0,44.6,1200,7,1.8,23.9,59.9,22.3,2022.0,Advitiya Sharma,7,8,0,1,IIT,25.0,5.0,5.0,120.0,18,20.0,-10.0,4.0,15.0,0,Acquired,24.0,Avoid,Verified
Stanza Living,Proptech,Co-living,New Delhi,DL,2017,8,223.0,900.0,44.6,2000,6,1.8,23.9,80.0,16.0,2020.0,Anindya Dutta,2,12,0,0,IIM,4.0,2.0,3.0,30.0,10,22.0,-20.0,5.0,20.0,0,Private,21.7,Avoid,Verified
Nestaway,Proptech,Rental Homes,Bengaluru,KA,2015,10,100.0,350.0,44.6,1500,6,1.8,23.9,35.0,20.0,2018.0,Amarendra Sahu,4,8,0,0,IIT,5.0,3.0,3.0,30.0,12,22.0,-15.0,4.0,15.0,0,Private,19.2,Avoid,Verified
Dream11,Gaming,Fantasy Sports,Mumbai,MH,2008,17,1650.0,8000.0,44.6,3000,5,1.8,23.9,59.9,40.8,2021.0,Harsh Jain,2,18,1,0,Graduate,180.0,185.0,32.0,50.0,8,22.0,120.0,0.0,25.0,1,Private,45.0,Invest,Verified
MPL,Gaming,Mobile Gaming,Bengaluru,KA,2018,7,370.0,2300.0,44.6,1500,6,1.8,23.9,100.0,14.0,2021.0,Sai Srinivas,2,10,0,1,IIT,120.0,90.0,18.0,50.0,10,25.0,-40.0,8.0,35.0,1,Private,23.5,Avoid,Verified
Nazara Technologies,Gaming,Mobile Gaming,Mumbai,MH,2000,25,200.0,1200.0,100.0,1800,8,1.8,23.9,59.9,37.5,2021.0,Nitish Mittersain,1,25,0,0,Graduate,30.0,25.0,6.0,50.0,10,22.0,20.0,0.0,12.0,0,Listed,32.2,Hold,Verified
WinZO,Gaming,Social Gaming,New Delhi,DL,2018,7,120.0,700.0,44.6,800,5,1.8,23.9,50.0,16.8,2021.0,Paavan Nanda,2,10,0,1,IIT,80.0,65.0,10.0,50.0,12,28.0,-15.0,4.0,30.0,0,Private,24.0,Avoid,Verified
Acko Insurance,Insurtech,Digital Insurance,Mumbai,MH,2016,9,457.0,1500.0,44.6,1500,6,1.8,23.9,150.0,18.0,2021.0,Varun Dua,1,18,0,0,IIM,10.0,5.0,4.0,60.0,15,28.0,-40.0,8.0,30.0,1,Private,26.6,Avoid,Verified
Digit Insurance,Insurtech,General Insurance,Bengaluru,KA,2017,8,470.0,4000.0,44.6,4000,5,1.8,23.9,200.0,19.2,2021.0,Kamesh Goyal,1,30,0,0,IIT/IIM,15.0,8.0,6.0,60.0,15,25.0,20.0,0.0,25.0,1,Listed,37.7,Hold,Verified
Turtlemint,Insurtech,Insurance Marketplace,Mumbai,MH,2015,10,140.0,900.0,44.6,1000,6,1.8,23.9,40.0,20.0,2022.0,Dhirendra Mahyavanshi,2,12,0,0,IIM,5.0,3.0,3.0,60.0,18,28.0,-12.0,4.0,22.0,0,Private,23.8,Avoid,Verified
Riskcovry,Insurtech,Insurance API,Mumbai,MH,2018,7,15.0,100.0,44.6,100,4,1.8,5.0,59.9,21.0,2021.0,Suvendu Prusty,3,12,0,1,IIT,1.0,1.73,0.5,60.0,15,28.0,-3.0,1.0,20.0,0,Private,25.1,Avoid,Verified
CoinDCX,Crypto,Crypto Exchange,Mumbai,MH,2018,7,152.0,2200.0,44.6,500,5,1.8,23.9,75.0,16.8,2022.0,Sumit Gupta,2,10,0,1,IIT,8.0,5.0,2.5,20.0,18,15.0,-20.0,5.0,18.0,1,Private,19.5,Avoid,Verified
Mudrex,Crypto,Crypto Investing,San Francisco,CA,2019,6,15.0,100.0,44.6,100,4,1.8,5.0,59.9,18.0,2022.0,Edul Patel,2,8,0,1,IIT,0.5,2.0,1.0,20.0,20,15.0,-3.0,1.0,22.0,0,Private,22.2,Avoid,Verified
Mswipe Technologies,Fintech,POS Solutions,Mumbai,MH,2011,14,553.9,1735.1,142.6,1422,3,2.7,23.0,29.4,56.0,2023.0,Founder of Mswipe Technologies,3,19,0,0,IIT/IIM,7.64,4.3,0.28,65.7,9,41.3,-107.3,8.9,35.1,1,Private,31.1,Hold,Estimated
Cashfree Payments,Fintech,Payment Gateway,Bengaluru,KA,2015,10,190.7,754.8,31.0,2046,2,0.6,21.6,59.9,60.0,2022.0,Founder of Cashfree Payments,1,10,0,1,IIT,6.69,3.49,0.6,61.8,18,35.8,11.5,2.0,34.2,0,Private,38.8,Hold,Estimated
Paytm Payments Bank,Fintech,Digital Banking,Noida,UP,2017,8,68.9,347.0,63.6,710,6,1.0,40.5,59.2,16.0,2020.0,Founder of Paytm Payments Bank,4,18,0,0,IIM,3.41,1.68,0.94,102.6,15,42.8,-6.4,0.5,27.0,0,Acquired,33.0,Hold,Estimated
EarlySalary,Fintech,Salary Advance,Pune,MH,2015,10,362.7,1776.4,4.5,644,6,2.7,50.4,51.2,20.0,2022.0,Founder of EarlySalary,3,15,0,1,IIM,13.33,2.04,0.78,97.9,9,32.5,-13.2,1.1,34.3,1,Private,34.4,Hold,Estimated
MoneyTap,Fintech,Credit Line,Bengaluru,KA,2016,9,29.7,214.2,112.5,249,6,0.7,24.7,62.3,18.0,2022.0,Founder of MoneyTap,3,5,0,0,IIM,4.08,0.78,0.72,84.6,31,26.2,0.8,0.7,25.0,0,Private,37.7,Hold,Estimated
ZestMoney,Fintech,BNPL,Bengaluru,KA,2015,10,398.9,1152.6,71.6,182,5,0.9,23.0,57.2,24.0,2018.0,Founder of ZestMoney,1,14,0,1,NIT,9.42,0.22,2.29,94.8,10,40.1,26.3,2.8,47.2,1,Private,46.5,Invest,Estimated
Capital Float,Fintech,SME Lending,Bengaluru,KA,2013,12,538.1,2015.4,97.1,2988,2,1.7,85.3,59.9,72.0,2021.0,Founder of Capital Float,4,11,0,0,IIT/IIM,3.85,2.4,0.91,98.1,19,40.3,-70.7,5.9,44.7,1,Private,33.9,Hold,Estimated
Faircent,Fintech,P2P Lending,Gurugram,HR,2013,12,400.2,2755.3,2.9,2425,2,0.5,20.5,59.9,72.0,2023.0,Founder of Faircent,2,10,0,1,Graduate,11.63,1.43,1.71,99.6,22,38.6,-18.1,1.5,34.9,1,Acquired,32.9,Hold,Estimated
IndiaLends,Fintech,Personal Loans,New Delhi,DL,2015,10,372.3,2834.5,39.7,1714,2,1.4,13.5,59.9,60.0,2019.0,Founder of IndiaLends,4,11,1,1,IIT/IIM,7.91,3.25,1.38,103.0,13,29.8,3.2,0.6,29.3,1,Private,43.6,Hold,Estimated
Progcap,Fintech,Supply Chain Finance,New Delhi,DL,2017,8,298.2,1015.4,46.5,664,3,2.3,50.0,165.9,32.0,2023.0,Founder of Progcap,2,19,1,1,NIT,7.95,0.06,0.92,76.2,9,35.6,-48.5,4.0,29.1,1,Private,30.9,Hold,Estimated
Kissht,Fintech,Consumer Loans,Mumbai,MH,2016,9,218.4,756.9,12.8,2805,4,2.8,56.1,90.9,27.0,2021.0,Founder of Kissht,3,8,1,0,Graduate,10.71,2.58,3.91,86.2,31,26.8,-37.1,3.1,30.2,0,Acquired,27.4,Avoid,Estimated
Finnov,Fintech,Wealth Management,Bengaluru,KA,2019,6,238.1,1100.4,94.7,684,6,2.5,45.6,129.8,12.0,2023.0,Founder of Finnov,1,10,0,1,IIM,11.14,0.49,4.03,119.3,10,33.7,-19.4,1.6,29.5,1,Private,32.9,Hold,Estimated
Smallcase,Fintech,Stock Portfolios,Bengaluru,KA,2016,9,23.2,159.2,39.3,1342,4,1.9,59.9,120.9,27.0,2023.0,Founder of Smallcase,3,10,1,1,IIT,5.85,3.98,1.57,53.4,19,40.2,-2.7,0.2,43.4,0,Listed,30.5,Hold,Estimated
Stockal,Fintech,US Stock Investing,New Delhi,DL,2019,6,203.2,569.7,41.1,2474,2,1.6,6.9,59.9,36.0,2020.0,Founder of Stockal,1,8,1,0,IIT/IIM,2.94,4.03,0.62,32.4,16,27.1,-10.7,0.9,20.3,0,Private,25.3,Avoid,Estimated
INDmoney,Fintech,Wealth App,Gurugram,HR,2019,6,88.1,560.5,51.0,2655,3,2.2,47.8,170.5,24.0,2023.0,Founder of INDmoney,2,18,0,0,NIT,10.16,7.37,3.19,68.5,5,32.4,8.7,2.7,40.0,0,Listed,41.6,Hold,Estimated
Sqrrl,Fintech,Micro-investing,New Delhi,DL,2016,9,342.2,1117.8,93.4,245,5,2.7,72.2,84.9,21.6,2021.0,Founder of Sqrrl,1,13,1,0,Graduate,6.51,0.71,0.31,73.7,28,40.7,-4.3,0.4,33.2,1,Acquired,34.5,Hold,Estimated
Niyo Solutions,Fintech,Neobanking,Bengaluru,KA,2015,10,504.8,3225.4,117.9,2467,6,1.3,69.7,170.2,20.0,2020.0,Founder of Niyo Solutions,3,12,1,1,NIT,13.6,3.8,6.58,97.3,13,31.7,-30.3,2.5,35.2,1,Acquired,35.8,Hold,Estimated
Fi Money,Fintech,Neobanking,Bengaluru,KA,2019,6,45.8,346.4,72.0,1920,4,2.5,48.6,140.5,18.0,2022.0,Founder of Fi Money,3,16,0,1,IIM,14.47,4.96,0.27,102.4,33,42.6,1.5,1.2,42.8,0,Private,44.7,Hold,Estimated
Fampay,Fintech,Teen Banking,Bengaluru,KA,2019,6,34.7,267.1,113.2,112,6,0.9,47.5,96.4,12.0,2023.0,Founder of Fampay,4,8,0,1,Graduate,5.2,0.23,0.73,43.3,32,33.6,-4.6,0.4,37.8,0,Private,29.6,Avoid,Estimated
Juspay,Fintech,Payment SDK,Bengaluru,KA,2012,13,261.4,822.7,2.9,2431,2,1.0,31.0,59.9,78.0,2018.0,Founder of Juspay,4,9,1,1,NIT,7.1,6.89,1.43,56.0,30,36.3,-16.7,1.4,15.4,0,Private,25.2,Avoid,Estimated
Toppr,EdTech,K12 Learning,Mumbai,MH,2013,12,365.5,1248.9,55.5,1410,3,0.6,13.1,34.9,48.0,2020.0,Founder of Toppr,4,11,1,0,Graduate,10.39,1.42,2.17,86.4,9,34.4,31.1,2.9,34.5,1,Private,41.8,Hold,Estimated
Doubtnut,EdTech,Doubt Solving,Gurugram,HR,2017,8,225.0,1641.5,57.8,1847,3,2.7,15.6,92.7,32.0,2023.0,Founder of Doubtnut,4,9,0,0,NIT,0.58,5.9,0.13,54.3,12,19.2,6.3,0.6,14.1,1,Acquired,36.3,Hold,Estimated
Embibe,EdTech,AI Learning,Bengaluru,KA,2012,13,75.6,596.8,26.6,659,2,0.6,52.8,59.9,78.0,2019.0,Founder of Embibe,3,19,0,1,IIT/IIM,2.2,0.63,0.24,50.8,14,23.0,-2.9,0.2,30.2,0,Private,31.0,Hold,Estimated
Meritnation,EdTech,K12 Content,New Delhi,DL,2009,16,549.0,3275.0,41.2,1404,5,0.6,45.3,95.1,38.4,2022.0,Founder of Meritnation,2,5,1,1,Graduate,0.39,2.04,0.06,31.8,12,29.0,-9.1,0.8,37.1,1,Acquired,31.2,Hold,Estimated
Extramarks,EdTech,K12 Platform,Noida,UP,2007,18,390.7,3119.0,42.0,915,2,2.0,46.4,59.9,108.0,2023.0,Founder of Extramarks,4,8,0,1,IIT/IIM,4.28,2.22,1.26,30.9,29,18.2,-40.1,3.3,14.7,1,Listed,23.6,Avoid,Estimated
Skill-Lync,EdTech,Engineering Courses,Chennai,TN,2018,7,169.7,998.7,27.7,1079,5,1.1,40.5,47.8,16.8,2020.0,Founder of Skill-Lync,4,14,1,1,NIT,11.72,1.9,0.41,84.8,11,32.3,-14.4,1.2,30.9,0,Private,31.1,Hold,Estimated
Simplilearn,EdTech,Professional Courses,Bengaluru,KA,2010,15,214.9,1531.0,76.5,559,4,1.5,20.7,89.0,45.0,2021.0,Founder of Simplilearn,3,16,0,1,Graduate,1.35,1.24,0.62,23.3,11,20.5,5.9,2.1,26.2,1,Private,38.3,Hold,Estimated
GreatLearning,EdTech,Tech Education,Bengaluru,KA,2013,12,56.8,330.2,74.5,396,3,2.9,32.1,119.5,48.0,2021.0,Founder of GreatLearning,4,6,0,1,Graduate,5.53,0.58,1.03,60.7,27,31.9,-1.2,0.1,35.3,0,Private,29.1,Avoid,Estimated
WhiteHat Jr,EdTech,Kids Coding,Mumbai,MH,2018,7,202.6,639.7,31.2,1680,4,0.5,28.4,60.6,21.0,2019.0,Founder of WhiteHat Jr,4,15,1,1,NIT,4.42,1.54,1.03,55.5,9,24.4,-15.5,1.3,36.3,0,Acquired,31.4,Hold,Estimated
Imarticus,EdTech,Finance Courses,Mumbai,MH,2012,13,26.3,125.0,47.5,1884,5,0.8,14.4,113.7,31.2,2021.0,Founder of Imarticus,1,5,1,1,IIM,1.26,5.57,0.18,46.9,14,31.7,1.1,2.2,26.7,0,Private,33.4,Hold,Estimated
Innovaccer,Healthtech,Healthcare Analytics,San Francisco,CA,2014,11,152.6,712.9,14.1,1110,3,2.9,36.0,78.1,44.0,2018.0,Founder of Innovaccer,2,9,0,1,Graduate,3.75,1.75,0.31,42.9,21,15.1,-11.2,0.9,29.6,0,Private,27.0,Avoid,Estimated
Healthplix,Healthtech,EMR Software,Bengaluru,KA,2015,10,4.3,16.8,20.2,824,3,2.4,43.3,52.5,40.0,2020.0,Founder of Healthplix,2,16,0,1,IIT/IIM,0.41,1.64,0.19,53.6,18,30.7,-0.8,0.1,22.2,0,Private,27.8,Avoid,Estimated
Wellthy Therapeutics,Healthtech,Chronic Care,Mumbai,MH,2017,8,104.4,582.2,19.6,1247,2,2.0,17.9,59.9,48.0,2019.0,Founder of Wellthy Therapeutics,4,19,1,1,IIT,2.91,1.23,0.6,67.9,20,25.1,-15.3,1.3,28.9,0,Acquired,30.6,Hold,Estimated
SigTuple,Healthtech,AI Diagnostics,Bengaluru,KA,2015,10,148.1,848.7,31.5,1415,5,0.7,5.9,21.7,24.0,2022.0,Founder of SigTuple,4,8,0,1,IIM,7.64,2.12,0.84,64.2,12,22.2,-15.4,1.3,37.4,0,Private,29.2,Avoid,Estimated
Aindra Systems,Healthtech,AI Cancer Detection,Bengaluru,KA,2014,11,266.8,1334.6,42.4,1308,5,1.0,40.0,80.5,26.4,2018.0,Founder of Aindra Systems,2,18,1,1,IIM,0.15,0.26,0.07,34.9,22,29.8,-47.9,4.0,20.1,1,Listed,26.3,Avoid,Estimated
Cure.fit,Healthtech,Fitness Centres,Bengaluru,KA,2016,9,7.0,46.1,30.9,1266,3,0.6,26.7,78.7,36.0,2023.0,Founder of Cure.fit,1,9,0,0,NIT,3.08,2.16,0.13,22.1,13,29.9,-0.5,0.0,25.2,0,Acquired,14.8,Avoid,Estimated
Plum Benefits,Healthtech,Group Insurance,Bengaluru,KA,2019,6,137.3,695.6,34.7,186,5,2.4,18.5,78.5,14.4,2020.0,Founder of Plum Benefits,4,16,0,1,IIT/IIM,4.37,0.41,0.81,67.6,8,22.3,-8.7,0.7,32.6,0,Private,31.6,Hold,Estimated
BeatO,Healthtech,Diabetes Management,New Delhi,DL,2015,10,180.5,1191.7,10.5,331,3,1.1,27.1,58.6,40.0,2018.0,Founder of BeatO,1,16,0,0,IIM,7.23,0.86,1.62,51.9,22,20.9,-25.9,2.2,23.0,1,Private,27.3,Avoid,Estimated
CureFit,Healthtech,Fitness & Nutrition,Bengaluru,KA,2016,9,217.9,1717.3,44.1,672,4,2.8,12.7,81.2,27.0,2018.0,Founder of CureFit,2,13,0,1,NIT,0.53,1.11,0.15,60.8,25,23.5,-23.6,2.0,15.1,1,Listed,26.5,Avoid,Estimated
Myupchar,Healthtech,Health Info,New Delhi,DL,2017,8,110.8,755.0,48.6,1021,5,0.9,37.6,80.1,19.2,2023.0,Founder of Myupchar,4,17,0,1,IIT/IIM,0.44,2.8,0.08,27.0,11,23.9,-17.6,1.5,17.3,0,Listed,26.1,Avoid,Estimated
The Moms Co,Ecommerce,D2C Baby Care,New Delhi,DL,2016,9,299.8,1534.6,176.0,1125,6,3.0,32.7,69.2,18.0,2022.0,Founder of The Moms Co,2,16,0,1,Graduate,16.23,2.87,1.12,118.4,41,22.5,8.1,2.4,38.4,1,Private,48.1,Invest,Estimated
MCaffeine,Ecommerce,D2C Skincare,Mumbai,MH,2016,9,13.1,73.4,62.0,4408,3,1.5,18.9,89.9,36.0,2023.0,Founder of MCaffeine,1,13,0,1,IIM,22.05,1.2,10.24,152.5,42,28.5,-0.8,0.1,16.1,0,Private,31.4,Hold,Estimated
Minimalist,Ecommerce,D2C Skincare,Jaipur,RJ,2020,5,66.1,217.9,165.0,4737,6,2.9,23.5,38.1,10.0,2021.0,Founder of Minimalist,1,8,1,0,IIM,2.64,3.08,0.26,69.2,41,29.5,-0.8,0.1,24.7,0,Private,29.9,Avoid,Estimated
Manter,Ecommerce,D2C Grooming,Mumbai,MH,2018,7,156.2,1213.1,11.9,116,2,1.5,45.9,59.9,42.0,2023.0,Founder of Manter,3,17,1,1,IIT,1.47,0.22,0.71,37.9,37,19.3,-17.3,1.4,41.8,1,Private,31.3,Hold,Estimated
Bombay Shaving Company,Ecommerce,D2C Grooming,New Delhi,DL,2015,10,51.6,237.2,136.8,3293,4,1.7,39.2,112.3,30.0,2023.0,Founder of Bombay Shaving Company,3,16,1,1,NIT,10.8,3.61,4.33,129.9,43,19.7,1.6,1.7,35.9,0,Private,45.6,Invest,Estimated
Beardo,Ecommerce,D2C Grooming,Ahmedabad,GJ,2015,10,303.3,1650.9,97.1,3195,6,2.8,22.6,23.0,20.0,2018.0,Founder of Beardo,2,9,0,1,IIT,1.1,4.22,0.5,100.4,26,20.1,-17.7,1.5,44.5,1,Acquired,35.4,Hold,Estimated
OZiva,Ecommerce,Nutrition & Wellness,Mumbai,MH,2016,9,6.0,19.7,52.1,507,5,2.9,34.6,104.3,21.6,2022.0,Founder of OZiva,4,13,1,1,NIT,13.65,0.8,5.39,95.7,28,26.5,0.3,1.6,28.2,0,Acquired,39.3,Hold,Estimated
Kapiva,Ecommerce,Ayurveda Wellness,Gurugram,HR,2016,9,289.9,2190.1,167.8,969,2,3.0,46.8,59.9,54.0,2021.0,Founder of Kapiva,3,6,0,1,NIT,0.78,0.54,0.21,84.3,31,28.6,-54.6,4.5,28.5,1,Private,28.7,Avoid,Estimated
Plum,Ecommerce,Clean Beauty,Mumbai,MH,2014,11,251.6,1384.3,63.7,2339,3,2.5,21.6,97.6,44.0,2019.0,Founder of Plum,4,6,0,1,IIM,1.19,0.26,0.17,86.5,6,25.7,-11.7,1.0,37.1,1,Listed,31.5,Hold,Estimated
Juicy Chemistry,Ecommerce,Organic Beauty,Coimbatore,TN,2014,11,331.8,2371.6,83.5,1430,2,1.5,58.2,59.9,66.0,2021.0,Founder of Juicy Chemistry,3,9,1,0,IIT,0.8,2.61,0.16,61.0,13,23.1,3.6,1.8,17.2,1,Private,37.7,Hold,Estimated
Sirona Hygiene,Ecommerce,Menstrual Health,New Delhi,DL,2015,10,367.2,1187.8,20.2,3405,2,2.4,46.5,59.9,60.0,2023.0,Founder of Sirona Hygiene,1,16,0,0,Graduate,6.31,5.5,2.46,44.2,43,21.9,-55.5,4.6,44.4,1,Private,30.9,Hold,Estimated
The Sleep Company,Ecommerce,Smart Mattresses,Mumbai,MH,2019,6,123.4,361.9,44.3,4718,4,1.7,56.9,69.9,18.0,2021.0,Founder of The Sleep Company,3,17,1,1,IIT,4.74,0.18,0.92,77.3,16,24.8,-13.3,1.1,31.0,0,Listed,31.8,Hold,Estimated
Wakefit,Ecommerce,Sleep Products,Bengaluru,KA,2016,9,241.4,1109.2,131.0,4359,3,2.4,46.2,115.8,36.0,2023.0,Founder of Wakefit,2,14,0,0,IIM,17.78,2.01,0.76,162.0,47,28.8,21.2,2.5,37.6,1,Private,47.8,Invest,Estimated
Pepperfry,Ecommerce,Furniture,Mumbai,MH,2012,13,337.8,1056.5,131.4,4726,5,0.6,38.4,41.9,31.2,2020.0,Founder of Pepperfry,1,16,0,1,NIT,5.62,4.39,2.22,52.6,9,22.0,-57.6,4.8,16.0,1,Private,27.4,Avoid,Estimated
Urban Ladder,Ecommerce,Furniture,Bengaluru,KA,2012,13,443.5,1712.7,149.8,740,2,2.5,55.0,59.9,78.0,2019.0,Founder of Urban Ladder,2,16,1,0,Graduate,6.11,0.63,1.69,74.3,35,25.2,35.3,1.0,23.0,1,Private,45.1,Invest,Estimated
Leadsquared,SaaS,CRM,Bengaluru,KA,2011,14,154.1,472.3,86.9,468,5,0.6,34.7,49.1,33.6,2018.0,Founder of Leadsquared,4,8,0,1,IIM,7.31,0.16,1.87,73.6,13,18.2,-13.4,1.1,44.8,0,Private,32.5,Hold,Estimated
Capillary Technologies,SaaS,Customer Engagement,Bengaluru,KA,2008,17,175.7,662.5,22.8,225,2,2.8,29.5,59.9,102.0,2023.0,Founder of Capillary Technologies,2,16,1,1,IIT/IIM,4.94,0.62,1.61,40.9,21,21.0,1.3,1.0,39.4,0,Acquired,41.5,Hold,Estimated
Betterplace,SaaS,Blue-collar HR,Bengaluru,KA,2015,10,106.8,714.9,22.1,57,4,2.8,41.9,49.9,30.0,2018.0,Founder of Betterplace,2,17,0,0,IIT/IIM,5.01,0.14,1.22,43.5,16,18.1,0.1,1.3,25.3,0,Private,38.1,Hold,Estimated
Keka HR,SaaS,HR Software,Hyderabad,TG,2015,10,53.6,251.7,98.4,781,6,2.4,31.2,73.5,20.0,2018.0,Founder of Keka HR,4,14,1,1,Graduate,0.8,0.3,0.4,76.8,7,15.7,-5.9,0.5,22.5,0,Listed,30.0,Hold,Estimated
greytHR,SaaS,Payroll,Bengaluru,KA,2009,16,162.2,1206.5,28.0,301,2,0.9,42.7,59.9,96.0,2019.0,Founder of greytHR,2,6,0,1,IIT,1.4,0.56,0.24,52.8,19,21.4,16.0,2.8,44.4,1,Private,37.9,Hold,Estimated
Haptik,SaaS,Conversational AI,Mumbai,MH,2013,12,205.3,538.1,51.9,1697,6,3.0,33.2,72.2,24.0,2019.0,Founder of Haptik,3,10,0,0,NIT,0.78,0.53,0.29,41.6,16,21.3,-9.6,0.8,20.2,0,Listed,26.7,Avoid,Estimated
Exotel,SaaS,Cloud Telephony,Bengaluru,KA,2011,14,178.0,450.1,46.8,387,3,2.9,9.5,11.8,56.0,2019.0,Founder of Exotel,1,17,0,0,IIM,2.63,1.18,0.63,18.4,12,19.0,9.4,1.6,22.3,0,Acquired,37.2,Hold,Estimated
Ozonetel,SaaS,Cloud Communications,Hyderabad,TG,2007,18,269.9,1224.8,61.2,1379,5,1.6,34.1,71.7,43.2,2020.0,Founder of Ozonetel,1,15,1,0,NIT,0.27,1.9,0.12,75.2,7,19.5,9.5,0.7,23.1,1,Private,41.6,Hold,Estimated
Ameyo,SaaS,Contact Centre,Gurugram,HR,2003,22,147.4,556.3,30.4,179,3,1.1,8.2,85.3,88.0,2022.0,Founder of Ameyo,1,6,1,1,IIT,2.54,0.36,0.67,42.5,5,15.3,-10.3,0.9,34.9,0,Listed,27.3,Avoid,Estimated
Kapture CRM,SaaS,CRM,Bengaluru,KA,2014,11,107.6,803.8,77.3,897,3,1.3,28.0,46.0,44.0,2023.0,Founder of Kapture CRM,1,17,1,0,Graduate,7.23,0.2,0.49,61.6,24,18.0,10.0,2.8,30.1,0,Acquired,39.6,Hold,Estimated
WareIQ,Logistics,Fulfillment,Bengaluru,KA,2019,6,6.4,33.7,114.9,1922,5,1.0,6.5,8.4,14.4,2020.0,Founder of WareIQ,3,14,1,0,IIT,6.05,3.66,1.94,40.9,13,12.2,-1.2,0.1,18.7,0,Private,27.7,Avoid,Estimated
Elastic Run,Logistics,Rural Distribution,Pune,MH,2016,9,79.4,446.0,52.3,4386,3,2.6,15.9,19.7,36.0,2020.0,Founder of Elastic Run,3,15,1,0,IIM,9.64,12.81,4.06,88.5,15,15.2,3.6,0.8,20.7,0,Acquired,39.6,Hold,Estimated
Loadshare,Logistics,Part-Truck Load,Bengaluru,KA,2017,8,20.7,163.4,14.2,2178,3,1.5,16.1,20.1,32.0,2022.0,Founder of Loadshare,3,18,0,0,NIT,5.77,5.75,1.34,64.9,26,12.3,-0.1,0.0,20.2,0,Private,18.8,Avoid,Estimated
Vaahika,Logistics,Truck Booking,Hyderabad,TG,2016,9,196.9,1494.7,81.8,2607,4,1.4,27.3,55.6,27.0,2022.0,Founder of Vaahika,3,14,0,0,IIT,13.1,0.34,2.06,90.3,13,18.6,-5.1,0.4,15.9,1,Private,30.6,Hold,Estimated
Truck Suvidha,Logistics,Truck Marketplace,Gurugram,HR,2014,11,79.5,466.2,13.2,3676,5,1.8,9.8,28.9,26.4,2022.0,Founder of Truck Suvidha,3,18,1,1,Graduate,2.58,6.65,0.23,44.3,7,15.0,0.9,1.2,14.1,0,Private,35.9,Hold,Estimated
Cropin,Agritech,AI for Agriculture,Bengaluru,KA,2010,15,52.4,157.2,13.8,750,4,2.3,22.7,44.6,45.0,2020.0,Founder of Cropin,3,7,1,1,NIT,24.78,2.01,8.1,199.7,16,26.6,-1.3,0.1,20.9,0,Private,32.2,Hold,Estimated
Stellapps,Agritech,Dairy Tech,Bengaluru,KA,2011,14,99.1,785.5,43.5,388,2,1.3,8.4,59.9,84.0,2018.0,Founder of Stellapps,4,6,0,0,IIT,27.45,1.02,4.24,191.7,36,21.3,-3.2,0.3,34.0,0,Private,34.9,Hold,Estimated
Fasal,Agritech,Precision Farming,Bengaluru,KA,2018,7,83.0,581.3,40.9,357,2,0.7,6.3,59.9,42.0,2020.0,Founder of Fasal,4,5,0,1,Graduate,0.6,0.1,0.06,142.8,48,16.6,-15.6,1.3,34.8,0,Private,31.1,Hold,Estimated
FarMart,Agritech,Farmer Commerce,New Delhi,DL,2015,10,51.3,211.4,33.1,96,4,2.1,14.9,15.0,30.0,2018.0,Founder of FarMart,3,12,1,0,Graduate,14.0,0.25,3.65,178.4,28,29.4,-7.0,0.6,25.6,0,Listed,33.6,Hold,Estimated
Jai Kisan,Agritech,Agri Finance,Mumbai,MH,2017,8,82.0,423.8,17.1,936,4,0.9,16.1,42.2,24.0,2020.0,Founder of Jai Kisan,2,5,1,1,IIM,15.06,1.4,5.14,146.5,31,27.1,-15.0,1.2,17.2,0,Listed,27.4,Avoid,Estimated
Yulu Bikes,EV,Shared Micromobility,Bengaluru,KA,2017,8,227.1,1541.7,38.4,281,2,1.3,29.2,59.9,48.0,2021.0,Founder of Yulu Bikes,2,18,1,1,Graduate,0.69,0.06,0.34,37.4,16,24.0,-6.4,0.5,35.3,1,Private,32.5,Hold,Estimated
Bounce Infinity,EV,Electric Scooter,Bengaluru,KA,2014,11,419.5,3218.6,9.7,1075,3,0.7,36.2,50.0,44.0,2022.0,Founder of Bounce Infinity,2,10,0,1,IIT,1.51,0.71,0.72,58.4,18,22.0,-66.4,5.5,60.5,1,Private,32.2,Hold,Estimated
Kinetic Green,EV,Electric Vehicles,Pune,MH,2009,16,345.6,1867.9,67.4,1921,4,0.8,18.0,53.4,48.0,2023.0,Founder of Kinetic Green,1,8,0,0,IIT,7.24,3.95,0.48,78.8,21,41.5,-64.7,5.4,32.2,1,Private,27.5,Avoid,Estimated
Ampere Vehicles,EV,Electric Scooters,Coimbatore,TN,2008,17,158.5,1026.9,80.0,250,2,1.2,54.6,59.9,102.0,2022.0,Founder of Ampere Vehicles,2,13,1,0,IIM,1.57,0.14,0.56,21.1,21,32.3,-11.5,1.0,68.5,1,Private,36.3,Hold,Estimated
SUN Mobility,EV,Battery Swapping,Bengaluru,KA,2017,8,117.3,692.1,44.6,403,5,1.7,24.3,83.5,19.2,2022.0,Founder of SUN Mobility,3,14,1,1,Graduate,3.54,0.5,1.76,61.9,10,35.9,10.2,1.4,74.1,0,Listed,48.2,Invest,Estimated
Lithium Urban Tech,EV,EV Fleet,Bengaluru,KA,2015,10,182.7,1000.7,90.3,1587,2,1.0,13.4,59.9,60.0,2018.0,Founder of Lithium Urban Tech,2,6,0,0,IIT,1.42,4.65,0.68,52.3,23,41.7,-28.9,2.4,72.2,1,Private,35.3,Hold,Estimated
Turbo Energy,Cleantech,Solar,Chennai,TN,2010,15,112.9,338.5,34.4,190,2,2.1,19.1,59.9,90.0,2020.0,Founder of Turbo Energy,3,18,1,1,Graduate,9.62,0.56,1.33,74.8,6,40.9,6.1,1.1,49.8,0,Acquired,45.4,Invest,Estimated
Orb Energy,Cleantech,Solar,Bengaluru,KA,2006,19,153.0,876.0,24.8,215,4,2.2,20.0,42.3,57.0,2023.0,Founder of Orb Energy,3,19,0,1,Graduate,5.38,0.42,2.46,38.3,21,20.7,-4.1,0.3,29.7,0,Private,30.9,Hold,Estimated
CleanMax,Cleantech,Renewable Energy,Mumbai,MH,2011,14,58.6,432.3,16.4,241,4,2.7,17.8,25.7,42.0,2020.0,Founder of CleanMax,3,15,1,1,Graduate,0.3,0.27,0.14,20.4,19,35.4,-6.2,0.5,32.3,0,Acquired,27.9,Avoid,Estimated
Amp Energy,Cleantech,Renewables,New Delhi,DL,2017,8,23.5,143.5,24.7,479,2,2.3,25.0,59.9,48.0,2020.0,Founder of Amp Energy,3,7,1,1,IIT,9.24,0.22,2.55,78.5,11,37.2,-2.3,0.2,46.4,0,Listed,31.1,Hold,Estimated
Loco,Gaming,Game Streaming,Bengaluru,KA,2020,5,37.6,222.4,8.5,1390,4,2.1,22.8,23.5,15.0,2023.0,Founder of Loco,3,11,0,1,IIT,3.29,3.75,0.85,35.3,15,18.4,-5.6,0.5,32.3,0,Private,26.9,Avoid,Estimated
Gamezop,Gaming,Casual Gaming,Noida,UP,2016,9,135.3,1023.9,77.1,1106,2,2.3,19.6,59.9,54.0,2018.0,Founder of Gamezop,2,16,1,1,IIT,1.11,0.33,0.51,30.2,19,25.7,-4.4,0.4,38.3,1,Private,32.0,Hold,Estimated
Rooter,Gaming,Esports,Gurugram,HR,2016,9,32.6,200.6,79.8,560,3,1.1,7.8,27.1,36.0,2019.0,Founder of Rooter,2,18,1,0,IIT,2.86,1.63,1.14,25.9,10,26.1,2.2,1.5,27.4,0,Private,38.2,Hold,Estimated
Zupee,Gaming,Skill Gaming,Gurugram,HR,2018,7,52.4,311.8,86.9,484,3,2.2,19.0,53.7,28.0,2022.0,Founder of Zupee,4,11,0,1,IIT,4.37,0.11,0.07,44.3,8,23.3,1.4,0.8,24.3,0,Acquired,37.2,Hold,Estimated
Ace2Three,Gaming,Card Games,Chennai,TN,2006,19,179.7,836.4,36.2,380,3,0.6,11.4,51.3,76.0,2021.0,Founder of Ace2Three,3,10,1,1,Graduate,2.2,0.12,0.5,34.6,13,19.7,5.8,0.6,28.9,0,Private,37.8,Hold,Estimated
Square Yards,Proptech,Real Estate,Gurugram,HR,2014,11,38.3,99.0,16.0,1004,4,1.6,10.2,56.6,33.0,2023.0,Founder of Square Yards,1,16,0,1,IIM,6.67,1.88,1.32,61.1,37,13.6,-4.9,0.4,21.3,0,Private,28.0,Avoid,Estimated
PropTiger,Proptech,Home Buying,Gurugram,HR,2011,14,95.6,497.9,6.0,1067,2,1.0,20.5,59.9,84.0,2022.0,Founder of PropTiger,2,10,0,0,IIT/IIM,7.98,2.85,2.85,86.4,32,21.6,-5.6,0.5,16.2,0,Private,26.5,Avoid,Estimated
Homeplex,Proptech,Rental,Bengaluru,KA,2018,7,19.4,123.3,6.0,1049,3,2.9,22.9,31.4,28.0,2021.0,Founder of Homeplex,4,15,0,1,NIT,15.72,1.75,3.23,139.7,7,14.0,-2.5,0.2,21.0,0,Listed,31.3,Hold,Estimated
Smartworks,Proptech,Co-working,Noida,UP,2016,9,85.0,627.6,13.9,755,2,1.7,6.1,59.9,54.0,2019.0,Founder of Smartworks,4,12,0,1,NIT,14.13,2.17,2.64,143.2,25,14.9,-4.3,0.4,17.6,0,Private,30.4,Hold,Estimated
IndiQube,Proptech,Managed Offices,Bengaluru,KA,2015,10,164.7,1297.5,30.9,1141,5,1.4,10.0,59.3,24.0,2019.0,Founder of IndiQube,3,12,1,1,IIM,13.1,3.55,0.72,111.7,26,17.9,-14.9,1.2,19.1,1,Private,29.5,Avoid,Estimated
Pocket FM,Media,Audio Content,Bengaluru,KA,2018,7,51.0,232.9,19.6,403,4,0.9,11.9,26.4,21.0,2022.0,Founder of Pocket FM,4,14,1,1,IIT/IIM,5.23,0.8,0.73,40.0,5,17.8,-5.3,0.4,24.2,0,Listed,27.0,Avoid,Estimated
Kuku FM,Media,Audio Books,Bengaluru,KA,2018,7,49.3,291.1,31.5,554,5,0.6,10.9,20.7,16.8,2022.0,Founder of Kuku FM,2,18,1,0,IIT,1.87,1.28,0.43,22.1,24,13.1,-9.1,0.8,19.0,0,Listed,26.2,Avoid,Estimated
Stage,Media,Regional OTT,Gurugram,HR,2019,6,90.3,664.5,10.2,307,5,2.3,7.0,21.9,14.4,2022.0,Founder of Stage,2,15,1,1,IIM,7.65,0.97,3.81,71.0,20,20.0,4.0,2.8,25.0,0,Private,36.9,Hold,Estimated
Pratilipi,Media,Stories Platform,Bengaluru,KA,2015,10,79.3,315.3,27.0,132,3,2.2,10.5,27.5,40.0,2022.0,Founder of Pratilipi,4,12,0,0,IIT/IIM,5.9,0.31,2.25,67.3,16,23.7,-15.5,1.3,12.9,0,Listed,25.0,Avoid,Estimated
Vokal,Media,Hindi Q&A,Bengaluru,KA,2018,7,53.8,296.5,16.7,410,2,2.9,21.9,59.9,42.0,2021.0,Founder of Vokal,2,6,0,0,IIM,5.9,0.63,0.43,75.5,9,16.0,-9.6,0.8,24.0,0,Private,25.6,Avoid,Estimated
Lokal,Media,Hyperlocal News,Hyderabad,TG,2018,7,21.6,112.3,13.1,960,2,0.9,18.5,59.9,42.0,2022.0,Founder of Lokal,1,12,0,1,IIM,2.78,0.12,0.72,39.6,20,18.1,-0.9,0.1,20.3,0,Private,25.4,Avoid,Estimated
PublicApp,Media,Civic Tech,Bengaluru,KA,2019,6,80.2,579.3,14.6,196,4,2.2,14.8,25.3,18.0,2020.0,Founder of PublicApp,3,15,0,1,Graduate,0.18,0.44,0.09,23.8,15,19.8,-11.4,1.0,10.0,0,Listed,23.3,Avoid,Estimated
YourStory,Media,Startup Media,Bengaluru,KA,2008,17,77.4,537.9,28.7,97,5,2.1,21.5,30.4,40.8,2020.0,Founder of YourStory,3,17,0,0,IIT/IIM,0.22,0.2,0.06,74.4,13,19.0,2.6,1.4,18.5,0,Private,38.0,Hold,Estimated
InMobi,AdTech,Mobile Advertising,Bengaluru,KA,2007,18,34.6,207.0,9.9,36,3,2.7,13.5,23.9,72.0,2022.0,Founder of InMobi,4,11,0,0,Graduate,1.31,0.07,0.24,26.2,18,12.2,-1.8,0.1,23.2,0,Private,25.1,Avoid,Estimated
Affle,AdTech,Mobile Marketing,New Delhi,DL,2006,19,136.0,656.6,28.7,82,3,2.6,15.5,31.8,76.0,2022.0,Founder of Affle,1,13,0,0,Graduate,0.47,0.15,0.08,26.2,20,14.4,-9.1,0.8,8.7,0,Listed,23.5,Avoid,Estimated
mFilterIt,AdTech,Ad Fraud Prevention,Gurugram,HR,2015,10,87.9,421.4,19.6,277,2,0.9,10.9,59.9,60.0,2023.0,Founder of mFilterIt,3,6,1,1,Graduate,5.71,0.41,0.12,50.6,21,10.6,-17.0,1.4,16.6,0,Listed,22.7,Avoid,Estimated
TechProcess,Fintech,Payment Gateway,Mumbai,MH,2002,23,447.2,2484.0,137.9,490,5,1.5,52.6,75.8,55.2,2018.0,Founder of TechProcess,3,11,0,0,IIT/IIM,0.66,1.49,0.29,82.9,32,26.5,12.0,1.1,28.5,1,Private,44.6,Hold,Estimated
Pine Labs,Fintech,POS & Payments,Noida,UP,1998,27,352.6,2506.6,139.7,1242,2,2.7,70.3,59.9,162.0,2023.0,Founder of Pine Labs,2,16,1,0,IIM,3.46,3.75,0.69,50.7,16,31.6,-38.7,3.2,37.4,1,Listed,33.5,Hold,Estimated
Billdesk,Fintech,Bill Payments,Mumbai,MH,2000,25,755.4,4442.5,101.4,1013,5,2.0,53.8,144.1,60.0,2022.0,Founder of Billdesk,3,16,0,0,NIT,15.34,1.95,4.96,106.7,10,21.0,-139.9,11.7,17.3,1,Acquired,28.7,Avoid,Estimated
Instamojo,Fintech,SME Payments,Bengaluru,KA,2012,13,512.1,2506.2,81.8,1709,2,2.5,85.8,59.9,78.0,2023.0,Founder of Instamojo,2,11,0,0,Graduate,5.83,0.09,0.58,48.6,12,38.2,-2.2,0.2,48.7,1,Private,37.4,Hold,Estimated
Paytail,Fintech,BNPL,New Delhi,DL,2019,6,36.9,203.2,136.6,1894,2,0.8,19.8,59.9,36.0,2020.0,Founder of Paytail,2,14,1,0,NIT,11.67,2.38,1.31,89.5,13,42.7,2.0,2.2,32.0,0,Private,41.4,Hold,Estimated
Vogo,Mobility,Scooter Sharing,Bengaluru,KA,2016,9,30.7,232.9,29.5,2840,2,0.5,14.4,59.9,54.0,2019.0,Founder of Vogo,1,9,1,0,IIM,0.69,6.34,0.16,39.0,17,15.1,-4.0,0.3,16.8,0,Private,23.9,Avoid,Estimated
Drivezy,Mobility,Car Sharing,Bengaluru,KA,2015,10,29.3,108.3,30.6,505,3,2.2,17.5,43.7,40.0,2019.0,Founder of Drivezy,1,10,0,1,IIM,1.63,1.35,0.29,24.8,24,15.6,-0.3,0.0,10.6,0,Private,12.6,Avoid,Estimated
Revv Cars,Mobility,Self-Drive Cars,Gurugram,HR,2015,10,294.4,2065.8,52.7,421,4,0.8,23.2,39.1,30.0,2021.0,Founder of Revv Cars,3,19,1,0,NIT,1.04,0.5,0.07,34.6,12,13.5,-12.0,1.0,17.9,1,Acquired,29.6,Avoid,Estimated
Myles Cars,Mobility,Car Rentals,Gurugram,HR,2013,12,60.5,192.1,62.1,1379,2,0.9,21.5,59.9,72.0,2022.0,Founder of Myles Cars,4,19,1,0,IIM,1.47,4.05,0.31,38.3,10,11.9,-2.9,0.2,11.3,0,Listed,27.2,Avoid,Estimated
Yatra,Travel,Online Travel,Gurugram,HR,2006,19,98.2,603.8,1.1,390,2,0.5,17.7,59.9,114.0,2022.0,Founder of Yatra,2,10,1,0,IIT/IIM,4.96,0.49,0.74,48.5,5,20.9,4.1,1.0,16.1,0,Private,34.0,Hold,Estimated
ixigo,Travel,Travel App,Gurugram,HR,2007,18,186.1,586.1,23.4,430,1,0.7,23.9,59.9,216.0,2021.0,Founder of ixigo,2,9,1,1,Graduate,3.44,0.69,0.8,32.7,13,10.8,-19.3,1.6,9.5,0,Private,22.3,Avoid,Estimated
Cleartrip,Travel,Online Travel,Mumbai,MH,2006,19,60.4,454.1,29.1,129,1,1.0,23.9,59.9,228.0,2018.0,Founder of Cleartrip,2,12,0,0,IIT/IIM,4.63,0.24,2.01,34.6,5,24.8,2.3,2.2,11.0,0,Listed,31.9,Hold,Estimated
ConfirmTkt,Travel,Train Booking,Bengaluru,KA,2015,10,122.5,427.7,23.1,121,1,0.9,23.9,59.9,120.0,2022.0,Founder of ConfirmTkt,2,12,1,1,IIT/IIM,2.16,0.12,1.08,17.7,20,17.4,11.3,2.0,24.0,0,Private,34.4,Hold,Estimated
RailYatri,Travel,Rail Travel,Gurugram,HR,2011,14,35.7,172.5,5.6,143,1,1.0,23.9,59.9,168.0,2023.0,Founder of RailYatri,3,19,0,1,IIM,7.72,0.09,2.55,58.2,5,22.5,-6.1,0.5,10.5,0,Private,26.3,Avoid,Estimated
redBus,Travel,Bus Tickets,Bengaluru,KA,2006,19,173.8,677.7,19.3,176,3,1.0,10.9,21.1,76.0,2022.0,Founder of redBus,3,19,1,0,Graduate,0.86,0.49,0.13,11.2,12,24.2,7.6,0.8,10.7,0,Listed,35.4,Hold,Estimated
AbhiBus,Travel,Bus Booking,Hyderabad,TG,2007,18,114.7,632.1,21.3,294,4,0.5,10.1,25.5,54.0,2021.0,Founder of AbhiBus,2,14,1,0,IIT,4.32,0.72,1.58,58.1,8,20.7,6.7,1.7,12.6,0,Private,35.0,Hold,Estimated
OYO Rooms,Travel,Budget Hotels,Gurugram,HR,2013,12,130.4,478.9,16.0,471,2,2.2,9.7,59.9,72.0,2022.0,Founder of OYO Rooms,3,15,1,0,IIT,0.51,1.31,0.13,28.1,12,13.4,-23.5,2.0,8.2,0,Acquired,22.7,Avoid,Estimated
FabHotels,Travel,Economy Hotels,New Delhi,DL,2014,11,56.8,430.8,17.3,110,1,2.1,23.9,59.9,132.0,2023.0,Founder of FabHotels,2,19,1,0,NIT,0.6,0.32,0.08,14.7,7,19.7,4.2,1.5,14.0,0,Private,34.3,Hold,Estimated
Treebo Hotels,Travel,Budget Hotels,Bengaluru,KA,2015,10,52.0,382.5,39.9,105,1,2.3,23.9,59.9,120.0,2023.0,Founder of Treebo Hotels,2,16,1,1,IIT,5.23,0.22,0.52,59.0,17,18.0,0.4,2.4,20.1,0,Private,36.2,Hold,Estimated
Zostel,Travel,Hostels,Jaipur,RJ,2013,12,169.3,1297.1,14.4,270,4,0.9,10.8,44.7,36.0,2019.0,Founder of Zostel,3,18,0,1,IIT/IIM,0.65,0.28,0.22,33.3,16,13.6,-15.1,1.3,10.5,1,Private,25.4,Avoid,Estimated
Fitternity,Healthtech,Gym Marketplace,Mumbai,MH,2013,12,17.8,107.0,7.6,59,2,2.4,6.5,59.9,72.0,2018.0,Founder of Fitternity,2,13,0,1,Graduate,1.25,0.11,0.45,50.3,16,16.9,-2.0,0.2,16.1,0,Acquired,25.2,Avoid,Estimated
Cult.fit,Healthtech,Fitness,Bengaluru,KA,2016,9,200.3,1415.2,50.4,1289,3,1.3,36.2,86.0,36.0,2018.0,Founder of Cult.fit,1,5,1,0,IIM,1.67,2.94,0.46,61.4,11,30.3,-38.6,3.2,36.5,1,Listed,26.8,Avoid,Estimated
Nua,Healthtech,Women Wellness,Mumbai,MH,2017,8,237.5,849.9,26.6,897,5,1.3,33.9,37.6,19.2,2021.0,Founder of Nua,1,6,0,1,IIT,4.19,0.23,0.45,41.7,15,31.9,-11.0,0.9,29.6,0,Private,27.0,Avoid,Estimated
Eka Care,Healthtech,Health Records,Bengaluru,KA,2019,6,69.7,287.3,41.6,649,2,1.7,32.1,59.9,36.0,2021.0,Founder of Eka Care,4,11,1,1,NIT,6.8,1.7,0.41,76.7,19,28.2,1.0,2.5,28.8,0,Private,37.3,Hold,Estimated
Tricog Health,Healthtech,Cardiac AI,Bengaluru,KA,2015,10,95.4,289.4,47.7,916,3,1.5,35.7,47.7,40.0,2022.0,Founder of Tricog Health,3,10,0,1,IIT/IIM,1.26,2.31,0.24,44.5,11,29.8,-16.4,1.4,27.8,0,Private,26.6,Avoid,Estimated
Qure.ai,Healthtech,Radiology AI,Mumbai,MH,2016,9,240.6,737.3,8.2,675,4,2.3,6.9,78.3,27.0,2020.0,Founder of Qure.ai,4,6,1,1,Graduate,3.41,1.7,1.27,24.9,25,18.5,-34.7,2.9,37.0,0,Private,25.3,Avoid,Estimated
Doxper,Healthtech,Clinical Data,Mumbai,MH,2016,9,90.1,265.1,24.3,58,2,1.8,27.1,59.9,54.0,2018.0,Founder of Doxper,1,16,0,0,NIT,4.26,0.11,1.47,35.9,7,17.4,-2.6,0.2,28.2,0,Private,29.0,Avoid,Estimated
VHealth,Healthtech,Teleconsultation,New Delhi,DL,2016,9,12.8,66.9,24.7,980,4,0.8,5.7,68.3,27.0,2021.0,Founder of VHealth,4,19,1,1,IIM,0.64,0.46,0.15,28.5,7,21.0,-0.1,0.0,15.6,0,Private,16.5,Avoid,Estimated
Inito,Healthtech,Fertility Tech,Bengaluru,KA,2017,8,58.2,176.0,30.6,317,4,1.5,15.3,63.3,24.0,2018.0,Founder of Inito,2,13,0,1,IIT,7.27,0.81,1.76,62.8,12,29.2,5.0,0.8,27.0,0,Listed,38.3,Hold,Estimated
GreenCell Mobility,EV,Electric Bus,Pune,MH,2017,8,258.0,690.7,49.9,706,4,1.2,53.1,61.6,24.0,2021.0,Founder of GreenCell Mobility,2,8,1,1,NIT,7.58,2.22,1.82,53.3,7,36.6,-44.0,3.7,79.5,0,Private,35.2,Hold,Estimated
Infraprime Logistics,EV,EV Fleet,Mumbai,MH,2018,7,51.8,134.6,87.8,1035,3,1.7,11.3,108.4,28.0,2023.0,Founder of Infraprime Logistics,3,5,1,0,Graduate,2.51,1.4,1.16,25.4,17,31.2,-5.6,0.5,42.4,0,Private,28.2,Avoid,Estimated
AGNIi,SpaceTech,Deep Tech,New Delhi,DL,2018,7,60.9,326.9,18.5,457,2,1.4,43.6,59.9,42.0,2023.0,Founder of AGNIi,4,14,0,1,IIT/IIM,0.89,0.34,0.2,18.8,10,48.1,2.4,1.9,37.7,0,Listed,37.2,Hold,Estimated
Bellatrix Aerospace,SpaceTech,Propulsion,Bengaluru,KA,2015,10,113.6,729.0,27.4,255,3,0.7,44.1,85.5,40.0,2021.0,Founder of Bellatrix Aerospace,1,15,1,1,IIM,0.26,0.4,0.11,17.2,7,40.4,-7.0,0.6,27.4,0,Listed,27.4,Avoid,Estimated
Dhruva Space,SpaceTech,Small Satellites,Hyderabad,TG,2012,13,132.2,334.7,45.2,404,2,1.7,58.9,59.9,78.0,2020.0,Founder of Dhruva Space,2,18,1,0,IIM,2.23,0.72,0.41,17.1,6,46.5,-15.2,1.3,50.6,0,Private,32.9,Hold,Estimated
GalaxEye Space,SpaceTech,Earth Observation,Chennai,TN,2021,4,146.2,685.6,45.3,358,4,2.6,53.9,104.7,12.0,2022.0,Founder of GalaxEye Space,3,8,0,1,Graduate,1.33,0.88,0.5,13.9,8,50.5,-8.8,0.7,29.9,0,Private,26.0,Avoid,Estimated
Astrogate Labs,SpaceTech,Laser Comms,Bengaluru,KA,2019,6,22.7,61.7,6.9,395,4,3.0,56.2,98.4,18.0,2022.0,Founder of Astrogate Labs,2,14,1,1,IIM,1.13,1.04,0.12,18.7,10,41.7,-0.6,0.0,37.9,0,Listed,18.5,Avoid,Estimated
Setu,Fintech,API Banking,Bengaluru,KA,2018,7,178.1,765.5,57.1,171,6,1.1,71.9,112.0,14.0,2022.0,Founder of Setu,1,7,1,1,NIT,7.02,0.55,0.14,94.8,28,25.8,-31.8,2.6,41.7,0,Private,30.7,Hold,Estimated
Rupeek,Fintech,Gold Loans,Bengaluru,KA,2015,10,324.1,1419.5,124.8,660,4,1.9,80.7,103.2,30.0,2019.0,Founder of Rupeek,3,9,1,0,Graduate,1.73,1.16,0.65,83.0,8,41.2,-38.4,3.2,37.7,1,Listed,32.2,Hold,Estimated
Stashfin,Fintech,Personal Finance,New Delhi,DL,2016,9,74.8,582.3,113.7,1195,4,2.5,59.3,153.3,27.0,2021.0,Founder of Stashfin,3,9,1,1,NIT,9.26,3.42,2.36,70.3,21,30.9,-3.3,0.3,46.6,0,Private,33.6,Hold,Estimated
Axio,Fintech,Consumer Credit,Bengaluru,KA,2018,7,48.9,149.0,78.8,2796,5,1.7,9.5,107.5,16.8,2020.0,Founder of Axio,4,17,0,0,IIT,4.4,6.49,0.99,34.1,16,35.6,1.3,2.0,31.3,0,Listed,38.7,Hold,Estimated
GetVantage,Fintech,Revenue Financing,Mumbai,MH,2019,6,31.1,237.2,89.1,2185,2,2.0,63.3,59.9,36.0,2022.0,Founder of GetVantage,2,17,0,0,Graduate,7.1,2.45,3.4,95.9,30,35.1,-3.7,0.3,48.0,0,Private,36.9,Hold,Estimated
Velocity,Fintech,Revenue Financing,Bengaluru,KA,2020,5,149.7,482.3,50.7,387,3,2.3,67.5,151.2,20.0,2022.0,Founder of Velocity,3,16,0,0,IIT,6.1,0.37,1.89,66.4,12,29.5,-24.9,2.1,42.2,0,Acquired,32.5,Hold,Estimated
Klub,Fintech,Alternative Finance,Mumbai,MH,2020,5,269.8,1689.4,143.9,630,6,0.5,82.1,90.3,10.0,2022.0,Founder of Klub,4,9,0,0,Graduate,8.21,1.46,1.09,91.1,15,33.8,2.8,1.3,33.9,1,Acquired,43.6,Hold,Estimated
Niyo Global,Fintech,Forex Card,Bengaluru,KA,2015,10,51.0,402.3,127.6,2359,6,1.4,76.9,100.9,20.0,2021.0,Founder of Niyo Global,3,17,1,0,IIM,2.83,7.77,0.48,31.4,33,42.3,-0.7,0.1,47.2,0,Private,34.6,Hold,Estimated
OkCredit,Fintech,Digital Ledger,Bengaluru,KA,2017,8,301.8,2029.5,42.6,820,6,0.9,76.4,134.0,16.0,2021.0,Founder of OkCredit,3,10,0,1,NIT,5.5,1.54,0.77,102.2,32,31.2,-51.2,4.3,31.2,1,Private,29.3,Avoid,Estimated
Khatabook,Fintech,SME Accounting,Bengaluru,KA,2019,6,67.9,220.5,94.4,578,6,2.9,15.0,153.3,12.0,2021.0,Founder of Khatabook,1,11,1,0,NIT,6.95,0.18,1.48,102.3,32,30.1,-5.0,0.4,46.5,0,Listed,35.2,Hold,Estimated
Smallcase Technologies,Fintech,Stock Portfolios,Bengaluru,KA,2016,9,191.8,1359.0,82.5,258,5,2.2,69.7,167.5,21.6,2019.0,Founder of Smallcase Technologies,1,13,1,0,IIM,4.75,0.21,0.19,61.8,33,31.7,1.2,2.4,41.4,1,Private,41.9,Hold,Estimated
Fisdom,Fintech,Wealth Mgmt,Bengaluru,KA,2015,10,302.3,796.4,53.8,1028,6,2.5,32.2,167.9,20.0,2020.0,Founder of Fisdom,2,9,0,1,IIM,1.25,2.13,0.26,52.1,5,44.8,8.6,1.7,17.4,0,Listed,36.5,Hold,Estimated
Goalwise,Fintech,MF Investing,Bengaluru,KA,2015,10,31.9,188.0,96.8,1974,4,1.9,84.7,177.9,30.0,2018.0,Founder of Goalwise,2,17,1,1,Graduate,3.62,6.44,1.78,54.4,29,37.9,1.9,1.4,45.7,0,Acquired,43.4,Hold,Estimated
Kuvera,Fintech,MF Platform,Bengaluru,KA,2016,9,172.5,1054.4,86.4,221,2,1.6,34.3,59.9,54.0,2018.0,Founder of Kuvera,3,14,1,1,IIT,5.66,0.36,1.24,66.5,20,23.1,-12.1,1.0,48.3,1,Private,35.1,Hold,Estimated
ET Money,Fintech,Mutual Funds,New Delhi,DL,2015,10,389.7,2077.1,8.0,1586,6,1.4,50.6,80.7,20.0,2021.0,Founder of ET Money,2,9,0,0,Graduate,4.83,4.33,1.98,35.3,25,30.2,-62.4,5.2,35.6,1,Acquired,25.7,Avoid,Estimated
ePayLater,Fintech,BNPL,Bengaluru,KA,2017,8,45.2,131.0,125.2,724,6,1.6,52.0,100.1,16.0,2022.0,Founder of ePayLater,3,17,0,0,IIT,0.86,0.31,0.4,49.9,9,42.8,-7.3,0.6,26.4,0,Private,30.8,Hold,Estimated
Simpl,Fintech,BNPL,Mumbai,MH,2015,10,432.0,1784.8,60.9,2483,4,2.3,28.7,59.9,30.0,2019.0,Founder of Simpl,4,5,1,0,NIT,7.05,6.28,2.03,61.8,27,34.6,-10.8,0.9,20.0,1,Acquired,28.4,Avoid,Estimated
LazyPay,Fintech,BNPL,Bengaluru,KA,2017,8,453.3,3179.2,109.6,1461,6,2.8,40.8,170.3,16.0,2023.0,Founder of LazyPay,4,8,1,0,NIT,4.69,2.05,1.85,79.2,33,20.5,-57.4,4.8,28.3,1,Private,29.2,Avoid,Estimated
Juspay Technologies,Fintech,Payment SDK,Bengaluru,KA,2012,13,457.6,1166.6,125.4,1322,3,2.9,84.3,178.7,52.0,2020.0,Founder of Juspay Technologies,1,5,1,0,NIT,7.38,0.53,0.57,119.2,12,25.0,-37.3,3.1,39.1,1,Private,34.4,Hold,Estimated
PayU India,Fintech,Payment Gateway,Gurugram,HR,2011,14,727.6,3085.0,101.5,1352,2,1.8,33.4,59.9,84.0,2018.0,Founder of PayU India,4,16,1,1,NIT,3.3,1.14,0.19,117.9,30,41.9,-28.9,2.4,40.2,1,Private,41.2,Hold,Estimated
Infibeam Avenues,Fintech,Payment Processing,Ahmedabad,GJ,2010,15,806.8,2421.9,56.2,2224,6,1.6,66.8,70.5,30.0,2018.0,Founder of Infibeam Avenues,3,6,0,1,IIM,2.23,3.5,0.97,33.9,5,42.7,43.5,0.6,22.4,1,Private,41.8,Hold,Estimated
Udaan,Ecommerce,B2B Commerce,Bengaluru,KA,2016,9,349.2,2550.3,123.4,2461,6,1.3,26.5,35.4,18.0,2018.0,Founder of Udaan,4,14,1,0,IIT/IIM,11.29,6.19,4.13,152.1,18,19.6,10.2,1.8,39.3,1,Acquired,49.3,Invest,Estimated
BigBasket,Ecommerce,Grocery Delivery,Bengaluru,KA,2011,14,276.1,1639.3,81.3,2524,2,2.6,36.5,59.9,84.0,2023.0,Founder of BigBasket,3,8,1,1,IIM,2.17,4.26,0.98,185.7,39,24.6,-0.6,0.0,19.1,1,Listed,25.2,Avoid,Estimated
Grofers,Ecommerce,Quick Commerce,Gurugram,HR,2013,12,440.2,3327.1,64.0,2308,3,1.0,9.8,24.0,48.0,2019.0,Founder of Grofers,1,9,1,0,NIT,4.18,4.43,1.67,108.6,25,25.0,-60.0,5.0,39.1,1,Private,31.9,Hold,Estimated
Milkbasket,Ecommerce,Milk Delivery,Gurugram,HR,2015,10,168.0,474.0,140.0,2517,4,2.9,38.2,66.0,30.0,2018.0,Founder of Milkbasket,1,13,0,1,IIT,2.96,3.61,0.57,174.4,42,22.3,-14.4,1.2,37.4,0,Private,38.8,Hold,Estimated
JioMart,Ecommerce,Grocery,Mumbai,MH,2020,5,74.5,441.5,10.7,1010,3,0.6,6.3,31.7,20.0,2022.0,Founder of JioMart,3,5,0,1,Graduate,13.98,1.71,4.91,124.8,28,27.5,-1.8,0.1,41.7,0,Listed,32.1,Hold,Estimated
Tata Cliq,Ecommerce,Fashion & Electronics,Mumbai,MH,2016,9,126.7,991.7,94.2,4302,6,0.8,6.3,103.6,18.0,2018.0,Founder of Tata Cliq,2,19,1,0,IIM,7.61,1.07,1.03,177.4,12,23.6,-8.3,0.7,30.6,0,Listed,38.8,Hold,Estimated
Myntra,Ecommerce,Fashion,Bengaluru,KA,2007,18,10.9,68.4,54.3,2037,2,2.8,51.4,59.9,108.0,2023.0,Founder of Myntra,1,18,0,0,IIM,10.02,0.92,0.2,196.4,36,26.8,-0.2,0.0,30.2,0,Listed,28.1,Avoid,Estimated
Ajio,Ecommerce,Fashion,Mumbai,MH,2016,9,147.2,606.2,179.6,3529,6,1.4,58.1,86.7,18.0,2019.0,Founder of Ajio,3,12,0,0,Graduate,16.9,8.06,7.12,115.7,42,18.4,13.4,0.9,27.5,0,Listed,44.4,Hold,Estimated
Snapdeal,Ecommerce,Marketplace,New Delhi,DL,2010,15,557.8,2621.8,116.2,892,3,1.8,38.5,75.3,60.0,2021.0,Founder of Snapdeal,2,10,0,0,NIT,0.63,1.93,0.15,185.1,48,22.5,-59.0,4.9,37.3,1,Listed,38.1,Hold,Estimated
ShopClues,Ecommerce,Online Marketplace,Gurugram,HR,2011,14,402.7,1558.9,145.4,246,3,1.2,57.0,70.0,56.0,2022.0,Founder of ShopClues,2,11,1,0,NIT,3.87,0.55,0.19,47.8,42,29.1,4.1,2.7,25.5,1,Private,40.4,Hold,Estimated
Craftsvilla,Ecommerce,Ethnic Fashion,Mumbai,MH,2011,14,525.7,3255.1,111.8,3378,4,2.6,47.2,83.4,42.0,2023.0,Founder of Craftsvilla,2,12,1,0,IIM,1.93,9.41,0.17,148.4,47,26.1,-47.8,4.0,34.4,1,Private,36.8,Hold,Estimated
Hopscotch,Ecommerce,Kids Fashion,Mumbai,MH,2012,13,55.2,200.5,47.7,3629,3,0.7,35.1,83.6,52.0,2022.0,Founder of Hopscotch,3,10,1,1,IIM,11.16,6.79,1.73,106.9,32,19.2,-10.6,0.9,24.4,0,Acquired,29.2,Avoid,Estimated
Bewakoof,Ecommerce,Youth Fashion,Mumbai,MH,2012,13,73.7,538.7,33.0,1127,6,1.9,53.3,71.9,26.0,2022.0,Founder of Bewakoof,3,16,1,1,Graduate,2.91,3.63,0.85,107.4,40,18.6,6.6,1.7,19.8,0,Private,39.4,Hold,Estimated
The Man Company,Ecommerce,D2C Grooming,Gurugram,HR,2015,10,227.3,829.4,21.9,1819,6,2.1,47.8,58.7,20.0,2019.0,Founder of The Man Company,4,17,1,1,IIT,5.94,1.52,2.96,40.3,35,29.0,-2.2,0.2,23.2,0,Private,29.8,Avoid,Estimated
Zivame,Ecommerce,Lingerie,Bengaluru,KA,2011,14,262.1,1834.6,105.5,1338,5,1.6,13.5,56.9,33.6,2018.0,Founder of Zivame,3,10,0,1,IIT,0.41,2.43,0.1,45.9,13,25.0,-14.3,1.2,40.9,1,Private,32.3,Hold,Estimated
Clovia,Ecommerce,Lingerie,New Delhi,DL,2013,12,465.9,1934.4,29.8,891,2,1.0,22.4,59.9,72.0,2022.0,Founder of Clovia,2,14,0,1,Graduate,5.77,0.48,2.17,154.5,34,22.6,-83.8,7.0,16.0,1,Acquired,28.8,Avoid,Estimated
Nykaa Fashion,Ecommerce,Fashion,Mumbai,MH,2018,7,121.7,835.0,170.2,2645,5,1.3,46.1,80.0,16.8,2023.0,Founder of Nykaa Fashion,4,19,1,0,IIT,11.55,2.24,0.42,114.9,30,20.1,1.6,2.8,40.4,0,Private,47.0,Invest,Estimated
Decathalon India,Ecommerce,Sports Retail,Paris,FR,2009,16,553.2,1467.8,127.1,4205,4,2.3,26.6,57.1,48.0,2019.0,Founder of Decathalon India,2,16,0,1,IIT/IIM,15.79,3.06,0.19,131.2,11,26.4,-33.9,2.8,18.8,1,Private,35.9,Hold,Estimated
Box8,Foodtech,Cloud Kitchen,Mumbai,MH,2012,13,48.4,200.7,87.1,450,3,1.5,23.6,38.3,52.0,2020.0,Founder of Box8,3,16,1,0,IIT,4.29,0.99,2.01,66.3,9,21.8,-1.6,0.1,23.2,0,Private,30.4,Hold,Estimated
Faasos,Foodtech,Cloud Kitchen,Pune,MH,2010,15,298.7,1053.6,77.6,1926,2,3.0,17.0,59.9,90.0,2020.0,Founder of Faasos,4,17,1,1,Graduate,1.12,2.31,0.4,53.8,22,26.9,-30.7,2.6,18.6,1,Acquired,29.0,Avoid,Estimated
Freshmenu,Foodtech,Online Ordering,Bengaluru,KA,2014,11,185.7,1007.5,107.3,2400,5,2.3,24.6,55.4,26.4,2021.0,Founder of Freshmenu,2,18,0,1,IIT,4.88,1.75,1.25,67.9,16,28.3,-19.2,1.6,17.4,1,Private,30.3,Hold,Estimated
Licious,Foodtech,Meat Delivery,Bengaluru,KA,2015,10,148.7,1081.6,17.1,2111,3,0.9,22.9,51.2,40.0,2023.0,Founder of Licious,4,14,0,1,IIT,1.79,4.95,0.85,34.3,16,28.3,1.8,2.5,23.7,1,Private,35.5,Hold,Estimated
FreshToHome,Foodtech,Fresh Seafood,Bengaluru,KA,2016,9,58.8,202.0,11.3,820,5,2.0,28.6,37.6,21.6,2019.0,Founder of FreshToHome,1,15,1,0,NIT,9.69,0.8,2.16,66.6,25,27.0,-3.3,0.3,22.7,0,Private,28.4,Avoid,Estimated
Bigbasket Fresh,Foodtech,Fresh Produce,Bengaluru,KA,2015,10,11.4,63.8,92.1,2100,5,3.0,24.3,42.4,24.0,2018.0,Founder of Bigbasket Fresh,3,16,0,0,Graduate,2.0,2.11,0.89,31.1,9,24.5,-0.2,0.0,20.5,0,Listed,17.9,Avoid,Estimated
MilkRoute,Foodtech,Milk Subscription,Bengaluru,KA,2018,7,121.0,646.1,78.2,2061,4,1.2,5.9,46.0,21.0,2023.0,Founder of MilkRoute,4,8,0,1,IIT/IIM,3.66,4.05,0.45,25.9,21,23.3,-2.6,0.2,16.6,0,Private,24.9,Avoid,Estimated
Supr Daily,Foodtech,Subscription Grocery,Mumbai,MH,2015,10,51.5,289.8,61.3,103,5,1.8,14.8,22.3,24.0,2021.0,Founder of Supr Daily,3,9,0,0,IIT/IIM,8.28,0.1,2.83,74.4,21,20.6,-5.6,0.5,14.3,0,Acquired,25.8,Avoid,Estimated
DailyNinja,Foodtech,Subscription Delivery,Bengaluru,KA,2016,9,162.9,1160.3,100.0,2629,2,2.6,17.1,59.9,54.0,2019.0,Founder of DailyNinja,3,6,0,0,IIT,2.48,2.91,0.82,37.8,10,19.1,10.8,0.5,16.6,1,Listed,35.3,Hold,Estimated
Frshly,Foodtech,Healthy Meals,Bengaluru,KA,2016,9,11.1,76.1,36.9,1432,5,2.5,18.8,43.0,21.6,2019.0,Founder of Frshly,2,10,1,0,IIM,2.28,0.53,0.26,24.6,22,26.5,-1.2,0.1,15.5,0,Acquired,23.4,Avoid,Estimated
SastaSundar,Healthtech,Pharmacy,Kolkata,WB,2013,12,99.2,430.6,20.5,711,2,0.9,31.1,59.9,72.0,2022.0,Founder of SastaSundar,4,8,0,0,IIM,1.63,0.36,0.06,22.8,20,18.5,-18.6,1.6,31.6,0,Private,24.9,Avoid,Estimated
Netmeds,Healthtech,Online Pharmacy,Chennai,TN,2010,15,272.1,743.1,26.0,753,4,1.5,20.5,79.9,45.0,2021.0,Founder of Netmeds,3,17,1,1,IIT,7.79,0.32,1.81,75.1,12,28.4,-50.4,4.2,14.4,0,Private,26.3,Avoid,Estimated
Apollo247,Healthtech,Teleconsult,Hyderabad,TG,2017,8,24.4,76.5,31.6,1393,3,2.7,38.2,49.2,32.0,2018.0,Founder of Apollo247,1,12,1,0,IIM,3.14,1.54,0.89,25.3,7,27.4,-1.4,0.1,22.6,0,Private,25.6,Avoid,Estimated
DocsApp,Healthtech,Teleconsult,Bengaluru,KA,2015,10,217.9,1341.3,8.8,718,4,2.7,31.0,70.3,30.0,2018.0,Founder of DocsApp,1,19,0,1,IIM,1.66,1.3,0.31,59.2,9,17.2,-20.9,1.7,13.8,1,Listed,27.7,Avoid,Estimated
Wysa,Healthtech,Mental Health AI,Bengaluru,KA,2017,8,27.5,97.5,26.6,1354,3,2.0,12.3,47.3,32.0,2020.0,Founder of Wysa,3,14,0,0,IIT,0.34,2.11,0.12,31.6,5,19.3,1.2,2.4,12.6,0,Listed,32.2,Hold,Estimated
InnerHour,Healthtech,Mental Wellness,Mumbai,MH,2015,10,15.0,65.5,39.5,308,5,2.4,13.4,35.6,24.0,2018.0,Founder of InnerHour,3,19,0,0,IIM,6.09,0.95,2.33,71.3,13,17.2,-1.2,0.1,32.9,0,Private,32.3,Hold,Estimated
MyOperator,SaaS,Cloud Telephony,New Delhi,DL,2011,14,139.2,1066.8,66.3,612,5,2.6,20.8,69.6,33.6,2019.0,Founder of MyOperator,3,14,0,1,NIT,1.22,0.19,0.16,18.6,7,23.6,-10.1,0.8,34.9,1,Private,29.5,Avoid,Estimated
CleverTap,SaaS,Marketing Analytics,Mumbai,MH,2013,12,293.2,1257.8,6.9,116,4,2.5,30.2,64.6,36.0,2022.0,Founder of CleverTap,2,16,1,1,IIT/IIM,9.94,0.38,3.91,68.1,10,21.1,25.8,0.7,31.0,1,Private,42.3,Hold,Estimated
MoEngage,SaaS,Customer Engagement,Bengaluru,KA,2014,11,151.2,670.6,85.3,401,5,1.4,14.9,21.2,26.4,2019.0,Founder of MoEngage,4,13,0,1,IIT/IIM,0.58,0.29,0.19,16.9,6,23.6,-23.6,2.0,44.7,0,Private,30.3,Hold,Estimated
Netcore Cloud,SaaS,MarTech,Mumbai,MH,2001,24,126.6,720.7,93.7,1397,6,1.3,43.0,82.6,48.0,2020.0,Founder of Netcore Cloud,3,6,0,0,NIT,0.4,4.05,0.07,37.8,21,20.2,-22.8,1.9,43.4,0,Private,28.8,Avoid,Estimated
Freshdesk,SaaS,Customer Support,Chennai,TN,2010,15,135.1,422.9,70.1,481,4,2.8,42.2,51.9,45.0,2023.0,Founder of Freshdesk,1,8,0,0,IIM,3.24,1.4,0.76,73.7,16,15.4,-20.6,1.7,28.2,0,Private,28.0,Avoid,Estimated
Kissflow,SaaS,No-Code Platform,Chennai,TN,2012,13,86.8,340.7,44.1,1141,3,1.6,21.5,68.6,52.0,2021.0,Founder of Kissflow,1,14,0,1,IIM,2.47,0.15,0.6,34.7,24,23.8,-2.6,0.2,20.6,0,Private,27.1,Avoid,Estimated
Facilio,SaaS,Facility Management,Chennai,TN,2017,8,227.9,1610.2,82.7,299,3,1.8,25.1,48.1,32.0,2022.0,Founder of Facilio,1,13,0,1,IIM,1.4,0.66,0.67,57.9,19,21.8,-45.3,3.8,42.0,1,Private,30.8,Hold,Estimated
Zuddl,SaaS,Event Tech,Bengaluru,KA,2020,5,92.1,394.4,14.9,868,2,2.8,34.7,59.9,30.0,2023.0,Founder of Zuddl,1,16,0,0,Graduate,5.71,2.2,2.71,45.6,6,24.4,-13.9,1.2,27.2,0,Acquired,28.1,Avoid,Estimated
Airmeet,SaaS,Virtual Events,Bengaluru,KA,2019,6,120.3,583.7,77.6,680,4,2.4,32.1,61.1,18.0,2022.0,Founder of Airmeet,4,11,1,1,IIT/IIM,1.42,2.24,0.3,15.0,20,15.5,-19.5,1.6,43.7,0,Acquired,29.3,Avoid,Estimated
Hasura,SaaS,GraphQL Engine,Bengaluru,KA,2018,7,67.0,287.1,49.3,1211,6,2.1,27.6,70.2,14.0,2021.0,Founder of Hasura,2,12,1,0,Graduate,1.56,0.34,0.11,30.4,5,18.9,-3.9,0.3,20.2,0,Acquired,25.9,Avoid,Estimated
Loadshare Networks,Logistics,Part-Truck Load,Bengaluru,KA,2017,8,181.4,519.1,69.3,1705,2,2.1,16.4,59.9,48.0,2022.0,Founder of Loadshare Networks,1,9,0,1,IIM,11.42,3.55,3.16,97.6,27,15.4,-21.2,1.8,12.0,0,Acquired,26.7,Avoid,Estimated
Smartr Logistics,Logistics,Express Delivery,Mumbai,MH,2020,5,17.2,90.5,23.4,3957,2,1.7,30.0,59.9,30.0,2023.0,Founder of Smartr Logistics,2,10,0,1,IIT/IIM,1.52,5.7,0.54,59.2,18,12.2,-0.7,0.1,18.9,0,Private,25.6,Avoid,Estimated
Xpressbees,Logistics,Courier Services,Pune,MH,2015,10,63.8,321.2,42.8,2095,3,0.6,10.9,67.5,40.0,2019.0,Founder of Xpressbees,2,7,1,0,Graduate,3.43,0.41,0.31,91.4,22,12.3,2.6,0.8,16.2,0,Listed,35.8,Hold,Estimated
Ekart Logistics,Logistics,E-comm Delivery,Bengaluru,KA,2009,16,182.1,644.8,25.4,4720,3,2.0,9.8,59.3,64.0,2022.0,Founder of Ekart Logistics,2,11,0,0,IIM,1.26,7.55,0.23,64.6,20,20.3,-33.6,2.8,13.2,0,Acquired,24.1,Avoid,Estimated
Grab,Logistics,Hyperlocal Delivery,Bengaluru,KA,2015,10,223.4,1592.5,110.5,2838,3,1.3,13.5,17.8,40.0,2019.0,Founder of Grab,4,13,1,0,IIT/IIM,4.3,4.03,0.5,36.7,23,12.7,14.0,1.1,22.1,1,Private,38.9,Hold,Estimated
Blowhorn,Logistics,Intercity Trucking,Bengaluru,KA,2014,11,9.2,28.5,60.4,4658,5,1.2,24.3,29.8,26.4,2023.0,Founder of Blowhorn,3,10,1,1,IIM,2.57,4.8,0.56,91.6,8,18.7,-0.6,0.0,14.1,0,Private,17.0,Avoid,Estimated
TheKarrier,Logistics,Freight Tech,Mumbai,MH,2019,6,121.0,525.2,118.4,2224,5,0.7,8.4,29.9,14.4,2021.0,Founder of TheKarrier,3,15,0,1,IIT,12.17,3.61,3.36,99.0,16,13.5,-20.3,1.7,23.5,0,Private,31.5,Hold,Estimated
GoComet,Logistics,Freight Visibility,New Delhi,DL,2017,8,111.0,709.8,26.5,3603,5,2.8,7.3,64.8,19.2,2022.0,Founder of GoComet,2,5,1,1,Graduate,2.88,2.59,0.35,58.9,16,19.9,-19.3,1.6,12.7,0,Acquired,22.2,Avoid,Estimated
Stage OTT,Media,Regional OTT,Gurugram,HR,2019,6,25.5,132.7,35.5,641,4,1.5,20.3,21.2,18.0,2022.0,Founder of Stage OTT,2,5,0,1,IIT/IIM,4.15,1.2,0.98,32.5,9,21.8,-4.3,0.4,19.4,0,Private,22.7,Avoid,Estimated
Josh,Media,Short Video,Gurugram,HR,2020,5,56.1,318.3,5.0,934,5,1.4,5.2,12.9,12.0,2021.0,Founder of Josh,2,9,1,0,NIT,1.72,0.86,0.69,58.6,6,19.3,4.5,2.4,23.4,0,Private,33.9,Hold,Estimated
Moj,Media,Short Video,Bengaluru,KA,2020,5,14.6,98.1,19.8,960,3,2.2,14.7,44.8,20.0,2021.0,Founder of Moj,3,14,0,0,IIT,3.03,0.32,1.41,62.8,12,20.1,-1.2,0.1,15.7,0,Listed,26.4,Avoid,Estimated
Chingari,Media,Short Video,Bengaluru,KA,2018,7,32.7,181.5,16.8,347,5,2.7,23.2,30.7,16.8,2022.0,Founder of Chingari,4,19,0,0,IIM,5.26,0.52,0.52,65.2,19,23.5,-5.4,0.5,20.9,0,Acquired,28.9,Avoid,Estimated
Mitron,Media,Short Video,Bengaluru,KA,2020,5,15.5,123.4,36.0,337,5,0.7,7.9,27.6,12.0,2023.0,Founder of Mitron,1,6,1,1,IIT/IIM,3.3,0.11,0.28,27.8,20,22.0,-2.5,0.2,11.8,0,Listed,21.4,Avoid,Estimated
Affle India,AdTech,Mobile Marketing,New Delhi,DL,2006,19,166.4,730.7,11.2,235,4,1.1,23.6,32.9,57.0,2019.0,Founder of Affle India,4,7,1,0,IIT/IIM,4.48,0.2,0.47,37.9,15,11.8,12.1,2.7,16.9,0,Private,31.8,Hold,Estimated
Vdopia,AdTech,Video Advertising,Gurugram,HR,2008,17,93.9,707.5,12.2,375,2,1.6,18.4,59.9,102.0,2018.0,Founder of Vdopia,3,8,0,0,IIT,7.78,0.76,2.99,53.0,6,17.4,-11.5,1.0,16.3,0,Private,23.8,Avoid,Estimated
Tyroo Media,AdTech,Performance Marketing,New Delhi,DL,2006,19,18.9,85.7,10.4,42,1,0.8,23.9,59.9,228.0,2020.0,Founder of Tyroo Media,3,19,0,0,IIM,2.82,0.1,0.95,40.8,18,20.4,-0.5,0.0,9.3,0,Private,15.6,Avoid,Estimated
TakeMe2Space,SpaceTech,Space Tourism,Bengaluru,KA,2020,5,96.4,657.3,27.8,250,3,1.9,54.7,99.5,20.0,2022.0,Founder of TakeMe2Space,2,18,1,1,IIT,1.11,0.71,0.51,13.7,13,40.9,-1.8,0.1,57.6,0,Private,34.6,Hold,Estimated
WeWork India,Proptech,Co-working,Mumbai,MH,2017,8,16.9,87.1,41.8,151,2,2.5,25.6,59.9,48.0,2020.0,Founder of WeWork India,2,10,1,1,NIT,16.39,0.49,2.25,114.1,35,13.8,-2.0,0.2,19.5,0,Private,28.7,Avoid,Estimated
91Springboard,Proptech,Co-working,New Delhi,DL,2012,13,127.6,419.9,23.3,805,4,1.6,22.0,26.8,39.0,2023.0,Founder of 91Springboard,2,11,0,1,IIT/IIM,4.84,1.88,1.38,95.2,22,15.2,-1.3,0.1,13.9,0,Private,27.8,Avoid,Estimated
Awfis,Proptech,Co-working,Mumbai,MH,2015,10,156.1,608.0,8.4,1928,5,2.2,13.4,26.2,24.0,2023.0,Founder of Awfis,1,6,1,1,Graduate,9.35,2.99,4.39,136.3,18,12.6,4.4,0.8,19.0,0,Private,38.5,Hold,Estimated
Bhive Workspace,Proptech,Co-working,Bengaluru,KA,2014,11,118.0,832.3,43.7,1551,2,2.1,14.7,59.9,66.0,2022.0,Founder of Bhive Workspace,4,10,0,1,IIT/IIM,2.86,0.2,0.62,125.4,22,13.8,4.4,1.4,11.1,0,Private,37.5,Hold,Estimated
CoWrks,Proptech,Co-working,Bengaluru,KA,2017,8,56.2,295.6,7.4,1619,3,2.0,19.4,43.9,32.0,2023.0,Founder of CoWrks,4,17,1,1,Graduate,10.72,3.45,5.15,75.7,39,16.2,-3.7,0.3,21.9,0,Private,29.2,Avoid,Estimated
GoWork,Proptech,Co-working,Gurugram,HR,2017,8,15.3,65.5,49.1,1461,3,1.7,13.8,30.3,32.0,2020.0,Founder of GoWork,2,11,1,0,NIT,11.95,1.57,4.48,86.0,7,15.4,-2.6,0.2,15.0,0,Private,26.9,Avoid,Estimated
Junglee Games,Gaming,Fantasy Gaming,New Delhi,DL,2012,13,249.7,1237.2,57.5,403,2,2.8,22.6,59.9,78.0,2023.0,Founder of Junglee Games,1,10,1,0,IIT,1.28,0.72,0.43,18.6,8,25.2,14.3,1.0,24.4,1,Private,36.8,Hold,Estimated
Hike Games,Gaming,Social Gaming,New Delhi,DL,2020,5,48.6,149.3,82.3,1471,3,0.7,26.3,38.9,20.0,2023.0,Founder of Hike Games,3,11,1,0,Graduate,4.47,4.13,0.61,36.3,9,27.2,3.0,1.4,24.4,0,Listed,36.1,Hold,Estimated
PlaySimple,Gaming,Word Games,Bengaluru,KA,2018,7,115.8,557.0,90.3,773,2,1.9,25.8,59.9,42.0,2021.0,Founder of PlaySimple,1,6,0,1,NIT,6.88,1.08,0.59,47.5,7,27.8,-15.9,1.3,39.1,0,Acquired,28.9,Avoid,Estimated
Kiddopia,Gaming,Kids Learning,Mumbai,MH,2016,9,148.0,449.9,81.3,880,2,1.3,23.8,59.9,54.0,2022.0,Founder of Kiddopia,2,5,1,0,IIT/IIM,2.55,0.79,0.34,39.8,5,24.0,9.1,0.6,22.8,0,Private,35.7,Hold,Estimated
BrainBaazi,Gaming,Live Trivia,Mumbai,MH,2017,8,110.1,695.5,98.3,1463,2,2.7,5.7,59.9,48.0,2020.0,Founder of BrainBaazi,4,9,1,1,IIT,5.47,0.16,2.72,38.2,5,21.6,-10.9,0.9,30.9,0,Private,28.3,Avoid,Estimated
Eruvaka Technologies,Agritech,Aquaculture Tech,Vijayawada,AP,2013,12,154.6,882.8,50.9,745,4,2.7,7.9,22.6,36.0,2022.0,Founder of Eruvaka Technologies,2,15,1,0,IIM,7.51,1.89,2.32,119.1,39,17.3,-26.7,2.2,26.4,0,Listed,31.6,Hold,Estimated
KisanHub,Agritech,Crop Intelligence,Bengaluru,KA,2014,11,17.1,107.1,28.2,149,4,2.8,11.1,33.3,33.0,2019.0,Founder of KisanHub,2,19,0,1,IIT/IIM,3.89,0.35,0.61,96.9,10,21.2,1.6,1.9,29.4,0,Private,40.9,Hold,Estimated
CropIn Technology,Agritech,Farm Management,Bengaluru,KA,2010,15,208.3,1189.9,41.3,514,4,1.0,12.9,25.4,45.0,2022.0,Founder of CropIn Technology,1,13,0,0,IIT/IIM,6.08,1.12,1.03,92.9,37,24.4,-16.3,1.4,17.5,1,Private,29.0,Avoid,Estimated
Gramophone,Agritech,Farmer App,Indore,MP,2016,9,18.9,145.0,54.1,701,5,2.1,12.5,44.8,21.6,2022.0,Founder of Gramophone,4,6,1,1,IIT/IIM,23.1,1.86,9.07,175.6,26,18.1,-2.3,0.2,22.3,0,Private,31.3,Hold,Estimated
BharatAgri,Agritech,Crop Advisory,Pune,MH,2017,8,68.0,229.8,4.2,814,4,1.6,12.5,47.1,24.0,2020.0,Founder of BharatAgri,2,18,1,0,Graduate,3.76,1.59,1.08,129.7,7,16.8,0.9,1.1,17.0,0,Private,40.5,Hold,Estimated
Switch Mobility,EV,Electric Bus,Hyderabad,TG,2021,4,9.7,25.8,51.8,607,3,1.2,20.4,115.1,16.0,2023.0,Founder of Switch Mobility,1,10,1,1,IIT,5.56,1.29,1.73,43.6,10,31.0,0.6,1.9,75.7,0,Private,44.7,Hold,Estimated
Altigreen Propulsion,EV,EV Powertrain,Bengaluru,KA,2013,12,234.8,1370.5,12.4,1161,3,0.8,14.3,62.6,48.0,2023.0,Founder of Altigreen Propulsion,1,18,1,0,IIT/IIM,3.31,1.52,0.23,46.6,6,31.6,-44.1,3.7,46.8,1,Listed,31.6,Hold,Estimated
Etrio,EV,EV Conversion,Pune,MH,2017,8,67.2,220.2,73.7,1307,2,1.1,20.9,59.9,48.0,2020.0,Founder of Etrio,1,16,1,1,IIT,1.55,4.21,0.51,57.9,13,20.9,6.0,2.3,68.7,0,Private,46.8,Invest,Estimated
Magenta Mobility,EV,EV Fleet,Mumbai,MH,2017,8,145.0,370.6,12.4,591,5,1.9,39.0,41.0,19.2,2022.0,Founder of Magenta Mobility,1,12,1,1,NIT,6.83,1.39,1.46,53.2,22,34.9,-12.7,1.1,68.4,0,Private,35.9,Hold,Estimated
EVEY Trans,EV,EV Subscription,Bengaluru,KA,2021,4,68.7,473.9,87.9,496,3,1.3,55.1,104.4,16.0,2023.0,Founder of EVEY Trans,1,16,1,1,NIT,3.44,0.45,0.93,25.8,18,42.5,-11.5,1.0,45.6,0,Private,32.2,Hold,Estimated
InsuranceDekho,Insurtech,Insurance Compare,Gurugram,HR,2017,8,197.9,1176.2,20.1,870,5,2.1,41.5,65.1,19.2,2023.0,Founder of InsuranceDekho,1,14,1,1,Graduate,0.38,1.61,0.13,73.2,6,18.2,-22.2,1.8,25.4,1,Private,29.0,Avoid,Estimated
Bimaplan,Insurtech,Micro Insurance,Mumbai,MH,2020,5,9.3,64.5,76.0,1718,5,1.2,28.5,61.7,12.0,2021.0,Founder of Bimaplan,4,19,1,0,IIM,0.33,4.87,0.11,62.1,9,20.8,-0.4,0.0,24.1,0,Listed,20.9,Avoid,Estimated
RenewBuy,Insurtech,Motor Insurance,Gurugram,HR,2015,10,72.1,246.4,73.7,1152,3,2.6,31.0,54.2,40.0,2020.0,Founder of RenewBuy,2,6,0,1,NIT,1.6,1.91,0.5,30.9,16,24.9,-8.6,0.7,28.2,0,Private,25.7,Avoid,Estimated
PB Fintech,Insurtech,Insurance Web,Gurugram,HR,2008,17,124.3,399.9,21.0,1781,3,2.5,10.1,33.0,68.0,2022.0,Founder of PB Fintech,2,8,0,1,Graduate,11.98,3.34,0.53,80.5,15,20.4,-11.6,1.0,26.4,0,Listed,27.6,Avoid,Estimated
CoverFox,Insurtech,Insurance Comparison,Mumbai,MH,2013,12,263.5,1621.6,5.9,1468,5,1.0,20.4,27.8,28.8,2020.0,Founder of CoverFox,2,12,1,0,IIM,2.03,4.71,0.1,71.6,13,17.1,-51.6,4.3,15.4,1,Private,24.1,Avoid,Estimated
Loop Health,Insurtech,Group Health,Bengaluru,KA,2018,7,129.8,522.8,33.3,323,5,2.4,43.1,48.7,16.8,2021.0,Founder of Loop Health,2,12,0,1,Graduate,5.23,0.06,0.34,89.9,21,27.4,-25.7,2.1,27.1,0,Private,28.8,Avoid,Estimated
Plum Insurance,Insurtech,Corporate Insurance,Bengaluru,KA,2019,6,77.3,233.6,18.7,653,2,2.2,5.1,59.9,36.0,2022.0,Founder of Plum Insurance,4,13,0,1,NIT,4.51,1.24,1.75,32.7,9,26.3,1.9,1.1,25.1,0,Private,36.0,Hold,Estimated
Nova Benefits,Insurtech,Employee Benefits,Bengaluru,KA,2020,5,78.2,574.6,33.8,898,2,0.8,5.2,59.9,30.0,2023.0,Founder of Nova Benefits,1,18,1,0,Graduate,3.49,2.71,0.77,39.2,6,20.5,-3.9,0.3,34.0,0,Acquired,30.9,Hold,Estimated
SolarEdge India,Cleantech,Solar Inverters,Tel Aviv,IL,2006,19,117.4,802.1,31.6,338,2,2.3,21.0,59.9,114.0,2022.0,Founder of SolarEdge India,4,18,1,1,Graduate,3.39,0.89,0.76,42.6,8,39.7,-10.5,0.9,49.1,0,Acquired,33.9,Hold,Estimated
ReNew Power,Cleantech,Wind & Solar,Gurugram,HR,2011,14,33.9,91.9,14.9,199,4,0.5,10.3,46.3,42.0,2018.0,Founder of ReNew Power,2,9,1,0,NIT,5.36,0.38,1.15,56.8,7,39.8,1.6,2.9,29.5,0,Private,34.5,Hold,Estimated
Greenko Group,Cleantech,Renewables,Hyderabad,TG,2004,21,55.8,412.4,32.7,100,4,2.4,24.4,25.5,63.0,2021.0,Founder of Greenko Group,3,7,1,1,IIT,2.54,0.21,1.01,26.0,24,43.3,0.3,0.9,22.1,0,Private,33.4,Hold,Estimated
Waaree Energies,Cleantech,Solar Panels,Mumbai,MH,1989,36,18.9,94.4,19.1,145,4,0.6,6.4,20.3,108.0,2021.0,Founder of Waaree Energies,3,5,1,1,IIT/IIM,2.24,0.45,0.55,51.2,13,31.5,0.6,2.2,39.8,0,Private,35.6,Hold,Estimated
Avaada Energy,Cleantech,Solar Developer,New Delhi,DL,2017,8,114.8,393.6,25.3,425,4,0.6,22.7,30.8,24.0,2019.0,Founder of Avaada Energy,3,18,1,1,IIT/IIM,1.53,1.19,0.13,63.3,9,29.0,2.4,2.7,36.2,0,Private,40.4,Hold,Estimated
Fourth Partner Energy,Cleantech,Rooftop Solar,Hyderabad,TG,2010,15,184.1,1442.5,27.4,138,4,2.2,12.9,23.2,45.0,2019.0,Founder of Fourth Partner Energy,3,15,1,0,IIM,1.06,0.14,0.39,31.7,11,41.1,-27.9,2.3,46.3,1,Private,30.9,Hold,Estimated
Cuemath,EdTech,Math Learning,Bengaluru,KA,2013,12,427.1,1123.7,12.5,1386,2,2.8,36.3,59.9,72.0,2018.0,Founder of Cuemath,1,8,0,1,IIT,5.3,3.7,1.04,41.1,19,29.5,42.7,2.1,38.1,1,Listed,39.8,Hold,Estimated
LEAD School,EdTech,School Edtech,Mumbai,MH,2012,13,434.1,2548.8,20.8,1338,2,2.1,12.6,59.9,78.0,2018.0,Founder of LEAD School,4,6,0,0,IIT/IIM,1.37,0.39,0.07,47.5,18,34.1,-38.4,3.2,35.0,1,Acquired,27.9,Avoid,Estimated
ConveGenius,EdTech,AI Tutoring,Noida,UP,2018,7,258.4,688.9,63.7,600,2,2.7,35.4,59.9,42.0,2019.0,Founder of ConveGenius,2,15,0,0,Graduate,3.22,0.71,0.55,37.4,5,26.0,1.7,1.3,36.0,0,Private,41.6,Hold,Estimated
iNurture,EdTech,Higher Education,Bengaluru,KA,2007,18,479.9,1787.2,17.8,1197,5,2.8,33.2,116.5,43.2,2021.0,Founder of iNurture,3,12,0,1,NIT,2.15,0.41,0.43,23.2,25,28.9,31.2,2.0,23.1,1,Private,37.9,Hold,Estimated
Stoodnt,EdTech,Career Counselling,San Francisco,CA,2014,11,6.3,34.3,7.6,150,4,1.8,53.6,109.7,33.0,2019.0,Founder of Stoodnt,1,6,0,0,NIT,1.56,0.44,0.29,23.7,26,19.9,0.6,1.9,20.0,0,Private,30.5,Hold,Estimated
Teachmint,EdTech,Teaching Tools,Bengaluru,KA,2020,5,181.0,1166.9,38.9,1559,4,2.8,34.7,84.7,15.0,2021.0,Founder of Teachmint,1,17,0,1,IIT,6.79,3.77,2.55,51.3,13,24.4,9.8,1.0,20.3,1,Private,38.9,Hold,Estimated
Lido Learning,EdTech,Live Classes,Mumbai,MH,2019,6,78.7,293.5,10.1,621,5,2.2,27.0,56.2,14.4,2021.0,Founder of Lido Learning,1,9,1,0,IIM,8.71,0.65,1.51,93.5,8,35.0,-11.9,1.0,30.4,0,Acquired,28.7,Avoid,Estimated
BluSmart,Mobility,EV Cab,Gurugram,HR,2019,6,23.9,133.1,70.1,2430,3,0.9,37.9,89.7,24.0,2022.0,Founder of BluSmart,1,8,0,1,Graduate,9.3,5.35,2.23,79.6,21,13.9,-0.9,0.1,23.1,0,Listed,27.8,Avoid,Estimated
Uber India,Mobility,Ride Hailing,San Francisco,CA,2009,16,202.0,923.5,17.3,486,3,1.0,6.7,85.0,64.0,2018.0,Founder of Uber India,2,16,0,1,IIT,2.26,0.66,0.2,54.8,7,15.9,1.1,2.6,21.9,0,Acquired,37.2,Hold,Estimated
Meru Cabs,Mobility,Radio Taxi,Mumbai,MH,2007,18,427.9,1369.0,75.9,628,3,2.8,41.5,87.7,72.0,2019.0,Founder of Meru Cabs,2,5,1,1,IIM,2.66,0.05,0.74,44.1,21,10.5,-75.6,6.3,11.9,1,Acquired,20.7,Avoid,Estimated
Zoom Car,Mobility,Car Sharing,Bengaluru,KA,2013,12,65.7,419.0,47.4,2442,4,0.8,18.7,64.4,36.0,2019.0,Founder of Zoom Car,4,10,0,1,IIT,0.6,4.97,0.13,36.5,5,11.4,-7.0,0.6,11.3,0,Private,23.4,Avoid,Estimated
WheelsEMI,Mobility,Two-Wheeler Finance,Bengaluru,KA,2018,7,175.8,699.0,35.2,1047,5,2.6,10.0,62.5,16.8,2019.0,Founder of WheelsEMI,3,5,1,1,IIM,1.72,3.24,0.38,69.2,24,17.0,-11.9,1.0,20.1,0,Private,25.6,Avoid,Estimated
Movid Transportation,Mobility,Employee Transport,Mumbai,MH,2014,11,278.3,1253.6,68.2,1796,4,1.9,34.8,43.0,33.0,2020.0,Founder of Movid Transportation,2,19,1,1,NIT,4.31,1.45,0.81,41.6,7,17.0,2.8,1.4,24.1,1,Private,41.0,Hold,Estimated
CoinSwitch,Crypto,Crypto Exchange,Bengaluru,KA,2017,8,73.1,360.0,22.7,270,2,1.5,22.0,59.9,48.0,2020.0,Founder of CoinSwitch,1,17,1,0,NIT,3.25,0.73,0.41,22.4,8,10.3,-13.5,1.1,25.8,0,Listed,27.0,Avoid,Estimated
Bitbns,Crypto,Crypto Exchange,Bengaluru,KA,2017,8,7.3,19.0,9.4,279,3,1.4,8.7,45.7,32.0,2018.0,Founder of Bitbns,2,18,1,1,NIT,1.22,0.42,0.29,11.0,10,19.1,0.5,1.5,45.1,0,Private,39.3,Hold,Estimated
Zebpay,Crypto,Crypto Exchange,Ahmedabad,GJ,2014,11,34.7,222.0,28.2,254,2,2.9,19.6,59.9,66.0,2019.0,Founder of Zebpay,1,11,1,1,IIM,1.45,0.8,0.36,24.7,13,11.5,-5.2,0.4,48.7,0,Private,30.2,Hold,Estimated
Unocoin,Crypto,Crypto Exchange,Bengaluru,KA,2013,12,165.9,1087.5,11.6,229,3,2.7,16.6,33.3,48.0,2021.0,Founder of Unocoin,1,15,1,0,IIT/IIM,0.32,0.24,0.07,16.8,6,18.8,-22.2,1.8,25.0,1,Private,25.9,Avoid,Estimated
Giottus,Crypto,Crypto Exchange,Chennai,TN,2018,7,29.1,223.1,4.3,278,2,2.4,8.5,59.9,42.0,2023.0,Founder of Giottus,3,14,1,1,Graduate,1.6,0.81,0.74,15.2,8,19.0,-3.7,0.3,30.3,0,Private,26.6,Avoid,Estimated
Springworks,SaaS,HR Tech,Bengaluru,KA,2014,11,246.5,918.0,37.2,1888,6,3.0,36.5,85.2,22.0,2018.0,Founder of Springworks,4,17,1,1,IIM,3.28,5.42,1.06,49.9,25,23.9,-0.1,0.0,21.0,0,Listed,20.6,Avoid,Estimated
PeopleStrong,SaaS,HCM Platform,Gurugram,HR,2005,20,228.7,764.8,76.4,318,2,2.2,23.9,59.9,120.0,2022.0,Founder of PeopleStrong,4,5,1,1,IIT/IIM,6.6,0.56,0.96,74.7,25,18.5,8.6,1.8,26.1,0,Listed,37.6,Hold,Estimated
Recruitee,SaaS,Applicant Tracking,Bengaluru,KA,2014,11,250.2,1373.0,85.9,284,6,0.9,7.7,65.9,22.0,2018.0,Founder of Recruitee,2,19,1,1,IIT/IIM,1.93,0.06,0.81,36.9,10,21.0,-49.0,4.1,33.7,1,Listed,30.0,Hold,Estimated
Internshala,EdTech,Internship Portal,New Delhi,DL,2010,15,132.1,539.3,45.5,611,4,2.3,36.6,49.4,45.0,2018.0,Founder of Internshala,3,5,1,1,NIT,7.48,0.12,2.16,54.3,15,27.9,-6.6,0.5,29.5,0,Acquired,27.0,Avoid,Estimated
Naukri.com,SaaS,Job Portal,Noida,UP,1997,28,266.2,1237.2,25.1,1660,4,2.3,7.0,19.0,84.0,2019.0,Founder of Naukri.com,1,10,0,0,IIT/IIM,2.15,1.23,0.15,25.2,7,15.9,-2.5,0.2,39.8,1,Private,30.5,Hold,Estimated
Apna,SaaS,Blue-collar Jobs,Bengaluru,KA,2019,6,170.4,718.6,43.8,1184,5,2.7,27.5,62.1,14.4,2022.0,Founder of Apna,4,12,1,1,IIT,2.67,2.7,0.53,39.5,16,17.4,-27.1,2.3,27.8,0,Private,26.8,Avoid,Estimated
WorkIndia,SaaS,Job Matching,Bengaluru,KA,2015,10,134.2,671.1,55.9,1894,6,2.4,36.0,86.9,20.0,2018.0,Founder of WorkIndia,4,5,1,0,IIT/IIM,8.96,4.13,0.82,70.8,6,21.4,-25.3,2.1,22.0,0,Acquired,25.0,Avoid,Estimated
Shine.com,SaaS,Job Board,Gurugram,HR,2008,17,16.5,42.9,81.2,577,2,0.7,22.1,59.9,102.0,2023.0,Founder of Shine.com,3,6,1,1,NIT,1.75,0.84,0.75,52.4,6,19.3,1.5,1.9,23.1,0,Private,34.1,Hold,Estimated
Hirist,SaaS,Tech Jobs,Bengaluru,KA,2013,12,291.6,1508.1,65.9,127,4,2.6,35.1,67.7,36.0,2018.0,Founder of Hirist,4,16,1,0,IIT/IIM,4.61,0.13,0.2,79.3,14,16.5,15.1,1.8,28.5,1,Private,42.4,Hold,Estimated
Foundit,SaaS,Job Portal,Bengaluru,KA,2004,21,175.8,508.8,67.7,844,4,1.6,13.8,78.9,63.0,2023.0,Founder of Foundit,2,12,1,0,IIM,2.49,0.16,0.52,59.3,7,21.1,-10.6,0.9,39.3,0,Private,32.0,Hold,Estimated
BrightKart,Ecommerce,Fashion,Bengaluru,KA,2014,11,320.0,1280.0,180.0,2100,5,1.5,25.0,80.0,28.0,2021.0,Founder of BrightKart,2,18,1,1,IIT,18.0,12.0,4.2,85.0,14,28.0,22.0,3.1,41.0,1,Listed,52.0,Invest,Estimated
NovaPay,Fintech,Payments,Mumbai,MH,2013,12,550.0,2200.0,310.0,3800,6,2.1,45.0,120.0,24.0,2022.0,Founder of NovaPay,2,20,1,1,IIM,42.0,0.0,8.5,98.0,18,31.0,35.0,5.2,38.0,1,Listed,58.0,Invest,Estimated
SwiftHealth,Healthtech,Telemedicine,Delhi,DL,2015,10,120.0,480.0,65.0,820,4,1.2,22.0,55.0,30.0,2021.0,Founder of SwiftHealth,3,16,0,1,IIT,8.0,5.0,2.1,72.0,22,24.0,-12.0,4.8,32.0,0,Private,47.0,Invest,Estimated
ZippyCart,Ecommerce,D2C Beauty,Bengaluru,KA,2012,13,780.0,3500.0,420.0,5200,7,2.8,60.0,200.0,22.0,2022.0,Founder of ZippyCart,2,22,1,0,Graduate,65.0,38.0,15.0,110.0,20,35.0,80.0,6.4,45.0,1,Listed,61.0,Invest,Estimated
FluxEV,EV,Battery Swapping,Chennai,TN,2016,9,95.0,380.0,58.0,610,4,0.9,19.0,48.0,36.0,2021.0,Founder of FluxEV,2,14,0,1,NIT,4.0,1.2,1.8,55.0,28,26.0,-8.0,3.6,29.0,0,Private,46.0,Invest,Estimated
ClearLend,Fintech,Lending,Mumbai,MH,2011,14,900.0,4200.0,580.0,7100,8,3.5,75.0,250.0,20.0,2023.0,Founder of ClearLend,3,21,1,1,IIM,55.0,0.0,12.0,105.0,16,33.0,110.0,8.1,42.0,1,Listed,65.0,Invest,Estimated
GreenPlate,Foodtech,Cloud Kitchen,Gurugram,HR,2017,8,65.0,260.0,42.0,430,3,1.1,18.0,38.0,32.0,2021.0,Founder of GreenPlate,2,15,0,1,Graduate,6.0,3.5,1.4,58.0,30,22.0,-18.0,5.2,27.0,0,Private,46.0,Invest,Estimated
AuraLearn,EdTech,Upskilling,Bengaluru,KA,2015,10,180.0,720.0,95.0,1100,5,1.8,32.0,75.0,26.0,2022.0,Founder of AuraLearn,3,17,0,1,IIT,22.0,18.0,6.3,78.0,25,30.0,15.0,3.8,35.0,1,Private,51.0,Invest,Estimated
TerraWatt,Cleantech,Solar,Pune,MH,2014,11,145.0,580.0,88.0,760,4,1.4,28.0,62.0,34.0,2021.0,Founder of TerraWatt,2,16,1,1,IIT,7.0,0.0,2.6,90.0,12,25.0,18.0,2.4,31.0,1,Acquired,50.0,Invest,Estimated
SkyMart,Ecommerce,B2B Commerce,Delhi,DL,2013,12,430.0,1800.0,240.0,2900,6,2.0,38.0,95.0,25.0,2022.0,Founder of SkyMart,2,19,1,0,Graduate,38.0,22.0,9.1,95.0,17,30.0,48.0,4.5,39.0,1,Listed,56.0,Invest,Estimated
VivoCare,Healthtech,Diagnostics,Hyderabad,TS,2016,9,88.0,352.0,50.0,580,3,0.9,20.0,44.0,38.0,2021.0,Founder of VivoCare,2,14,0,1,NIT,5.0,2.8,1.5,68.0,24,23.0,-5.0,3.2,26.0,0,Private,47.0,Invest,Estimated
MetroPay,Fintech,WealthTech,Mumbai,MH,2014,11,320.0,1280.0,175.0,2200,5,1.9,42.0,88.0,28.0,2022.0,Founder of MetroPay,2,18,1,1,IIM,30.0,0.0,7.2,96.0,15,28.0,32.0,4.1,36.0,1,Private,54.0,Invest,Estimated
BoltEV,EV,EV Charging,Bengaluru,KA,2015,10,210.0,840.0,120.0,1400,5,1.6,35.0,80.0,30.0,2022.0,Founder of BoltEV,3,17,0,1,IIT,11.0,0.0,3.4,62.0,20,28.0,8.0,4.5,33.0,1,Private,49.0,Invest,Estimated
CrispBox,Ecommerce,D2C Grooming,Mumbai,MH,2016,9,75.0,300.0,45.0,480,3,1.0,20.0,42.0,35.0,2021.0,Founder of CrispBox,2,15,0,0,Graduate,9.0,6.0,2.8,80.0,26,25.0,-9.0,3.8,28.0,0,Private,46.0,Invest,Estimated
TalentOS,SaaS,HR Tech,Bengaluru,KA,2013,12,260.0,1040.0,145.0,1800,5,1.8,38.0,80.0,27.0,2022.0,Founder of TalentOS,2,20,1,1,IIT,20.0,0.0,4.8,72.0,22,29.0,28.0,3.2,37.0,1,Acquired,53.0,Invest,Estimated
HealthOS,Healthtech,HealthOS,Delhi,DL,2014,11,195.0,780.0,110.0,1300,5,1.7,34.0,78.0,29.0,2022.0,Founder of HealthOS,3,18,0,1,IIT,16.0,9.0,4.2,75.0,18,27.0,20.0,3.5,34.0,1,Private,52.0,Invest,Estimated
RocketFuel,Foodtech,Food Delivery,Bengaluru,KA,2015,10,380.0,1520.0,210.0,2700,6,2.2,52.0,110.0,24.0,2023.0,Founder of RocketFuel,2,17,1,0,Graduate,48.0,35.0,11.0,90.0,28,32.0,42.0,6.2,40.0,1,Private,57.0,Invest,Estimated
PrimeSaas,SaaS,CRM & Helpdesk,Chennai,TN,2012,13,520.0,2080.0,295.0,3500,7,2.5,58.0,145.0,22.0,2022.0,Founder of PrimeSaas,2,21,1,1,IIT,38.0,0.0,7.5,70.0,20,30.0,62.0,4.8,43.0,1,Listed,62.0,Invest,Estimated
SunGrid,Cleantech,Wind,Hyderabad,TS,2016,9,110.0,440.0,68.0,720,4,1.1,22.0,52.0,36.0,2021.0,Founder of SunGrid,2,15,0,1,NIT,6.0,0.0,2.0,88.0,14,24.0,12.0,2.8,28.0,0,Private,48.0,Invest,Estimated
NimbleShop,Ecommerce,Furniture,Gurugram,HR,2015,10,155.0,620.0,88.0,1050,4,1.4,28.0,65.0,31.0,2021.0,Founder of NimbleShop,2,16,0,0,Graduate,14.0,8.0,3.5,85.0,22,26.0,14.0,3.1,30.0,1,Private,50.0,Invest,Estimated
ApexBNPL,Fintech,BNPL,Mumbai,MH,2016,9,280.0,1120.0,155.0,1900,5,1.8,40.0,85.0,28.0,2022.0,Founder of ApexBNPL,3,16,0,1,IIM,26.0,0.0,6.4,100.0,19,29.0,25.0,4.4,35.0,1,Private,53.0,Invest,Estimated
CloudDesk,SaaS,Marketing Tech,Bengaluru,KA,2014,11,195.0,780.0,108.0,1350,5,1.6,32.0,72.0,27.0,2022.0,Founder of CloudDesk,2,18,1,1,IIT,18.0,0.0,4.1,68.0,21,28.0,22.0,3.0,33.0,1,Private,51.0,Invest,Estimated
KidzLearn,EdTech,K12,Delhi,DL,2017,8,58.0,232.0,34.0,380,3,0.9,18.0,36.0,40.0,2021.0,Founder of KidzLearn,2,14,0,0,Graduate,7.0,10.0,2.2,80.0,30,21.0,-15.0,4.5,25.0,0,Private,46.0,Invest,Estimated
SparkCharge,EV,EV Conversion,Pune,MH,2015,10,130.0,520.0,78.0,870,4,1.3,25.0,58.0,32.0,2021.0,Founder of SparkCharge,2,16,0,1,NIT,8.0,0.0,2.5,58.0,22,27.0,5.0,3.4,30.0,1,Private,49.0,Invest,Estimated
OmniCart,Ecommerce,D2C Baby Care,Bengaluru,KA,2013,12,260.0,1040.0,148.0,1750,5,1.7,36.0,85.0,25.0,2022.0,Founder of OmniCart,2,19,0,0,Graduate,24.0,15.0,6.8,82.0,18,28.0,30.0,3.8,37.0,1,Acquired,53.0,Invest,Estimated
MindPath,Healthtech,Telemedicine,Mumbai,MH,2016,9,72.0,288.0,44.0,510,3,0.9,19.0,40.0,38.0,2021.0,Founder of MindPath,3,15,0,1,Graduate,6.0,4.2,1.6,70.0,25,22.0,-10.0,3.5,26.0,0,Private,46.0,Invest,Estimated
CarbonX,Cleantech,Carbon Credits,Chennai,TN,2015,10,168.0,672.0,98.0,1080,5,1.5,30.0,70.0,30.0,2022.0,Founder of CarbonX,2,17,1,1,IIT,9.0,0.0,3.0,92.0,16,26.0,20.0,2.6,32.0,1,Acquired,51.0,Invest,Estimated
QuickBite,Foodtech,Restaurant Tech,Hyderabad,TS,2016,9,88.0,352.0,52.0,620,3,1.0,20.0,45.0,36.0,2021.0,Founder of QuickBite,2,14,0,0,Graduate,8.0,5.5,2.1,62.0,28,23.0,-6.0,4.0,27.0,0,Private,47.0,Invest,Estimated
GrowthStack,SaaS,HR Tech,Bengaluru,KA,2012,13,620.0,2480.0,345.0,4200,7,2.8,65.0,170.0,21.0,2023.0,Founder of GrowthStack,3,22,1,1,IIM,45.0,0.0,9.2,75.0,18,32.0,72.0,5.5,44.0,1,Listed,64.0,Invest,Estimated
NaviPay,Fintech,Payments,Delhi,DL,2015,10,175.0,700.0,98.0,1250,5,1.6,30.0,68.0,29.0,2022.0,Founder of NaviPay,2,17,0,1,NIT,16.0,0.0,4.5,95.0,20,27.0,18.0,3.6,32.0,1,Private,50.0,Invest,Estimated
StellarMart,Ecommerce,Fashion,Mumbai,MH,2014,11,410.0,1640.0,228.0,2800,6,2.0,45.0,105.0,24.0,2022.0,Founder of StellarMart,2,19,0,0,Graduate,35.0,20.0,8.8,88.0,16,31.0,50.0,4.9,40.0,1,Listed,58.0,Invest,Estimated
BioTrack,Healthtech,Diagnostics,Bengaluru,KA,2015,10,102.0,408.0,60.0,720,4,1.1,22.0,50.0,34.0,2021.0,Founder of BioTrack,2,16,0,1,IIT,7.0,3.8,2.0,72.0,22,24.0,-4.0,3.2,27.0,0,Private,48.0,Invest,Estimated
VoltGrid,EV,Battery Swapping,Gurugram,HR,2016,9,145.0,580.0,85.0,960,4,1.3,26.0,62.0,32.0,2022.0,Founder of VoltGrid,2,15,0,1,IIT,9.0,0.0,2.8,60.0,24,27.0,10.0,4.2,31.0,1,Private,49.0,Invest,Estimated
LearnSprint,EdTech,Test Prep,Bengaluru,KA,2014,11,220.0,880.0,125.0,1500,5,1.8,35.0,78.0,27.0,2022.0,Founder of LearnSprint,3,18,0,1,IIT,28.0,22.0,7.0,82.0,22,31.0,28.0,4.0,36.0,1,Acquired,53.0,Invest,Estimated
PulseFinance,Fintech,Lending,Mumbai,MH,2013,12,480.0,1920.0,268.0,3200,6,2.2,50.0,125.0,24.0,2022.0,Founder of PulseFinance,2,20,1,1,IIM,35.0,0.0,8.0,102.0,17,30.0,55.0,5.8,41.0,1,Listed,60.0,Invest,Estimated
UrbanNest,Ecommerce,Sleep Products,Delhi,DL,2016,9,68.0,272.0,40.0,450,3,0.9,18.0,38.0,38.0,2021.0,Founder of UrbanNest,2,14,0,0,Graduate,7.0,5.0,2.0,78.0,26,24.0,-12.0,3.5,26.0,0,Private,45.0,Invest,Estimated
CloudMD,Healthtech,HealthOS,Chennai,TN,2015,10,135.0,540.0,80.0,980,4,1.3,25.0,58.0,31.0,2021.0,Founder of CloudMD,2,16,0,1,NIT,10.0,6.0,2.8,72.0,20,25.0,14.0,3.2,30.0,1,Private,50.0,Invest,Estimated
NexaEats,Foodtech,Cloud Kitchen,Bengaluru,KA,2016,9,95.0,380.0,58.0,680,3,1.0,20.0,48.0,36.0,2021.0,Founder of NexaEats,2,15,0,0,Graduate,8.0,6.2,2.4,65.0,28,23.0,-8.0,4.5,28.0,0,Private,47.0,Invest,Estimated
SolarLeaf,Cleantech,Solar,Hyderabad,TS,2014,11,185.0,740.0,108.0,1150,5,1.5,32.0,75.0,29.0,2022.0,Founder of SolarLeaf,2,17,1,1,IIT,8.0,0.0,2.8,90.0,13,26.0,22.0,2.5,31.0,1,Private,51.0,Invest,Estimated
RapidCRM,SaaS,CRM & Helpdesk,Mumbai,MH,2013,12,295.0,1180.0,165.0,2100,5,1.9,40.0,88.0,26.0,2022.0,Founder of RapidCRM,2,20,1,1,IIT,24.0,0.0,5.5,70.0,20,29.0,35.0,3.6,38.0,1,Acquired,55.0,Invest,Estimated
